day,mean_S,sd_S,mean_I,sd_I,mean_R,sd_R
0,179950.0,0.0,50.0,0.0,820000.0,0.0
1,179707.0,14.491376746189438,50.0,0.0,820000.0,0.0
2,179468.1,19.95219286193876,50.0,0.0,820000.0,0.0
3,179225.4,20.175232340669584,50.0,0.0,820000.0,0.0
4,178989.3,24.075090861718465,50.0,0.0,820000.0,0.0
5,178751.9,22.59402575903639,0.0,0.0,820050.0,0.0
6,178751.9,22.59402575903639,0.0,0.0,820050.0,0.0
7,178751.9,22.59402575903639,0.0,0.0,820050.0,0.0
8,178751.9,22.59402575903639,243.0,14.491376746189438,820050.0,0.0
9,177467.7,73.14923102808396,481.9,19.952192861938762,820050.0,0.0
10,174996.9,187.34591001673883,724.6,20.175232340669584,820050.0,0.0
11,171515.2,290.1464457821257,960.7,24.075090861718465,820050.0,0.0
12,167174.8,383.79833246120285,1198.1,22.59402575903639,820050.0,0.0
13,162353.5,439.23439073005204,955.1,24.821160327430302,820293.0,14.491376746189438
14,158829.5,486.9739726104466,716.2,26.449196585151693,820531.9,19.95219286193876
15,156369.8,515.3838957515067,473.5,23.286262044390035,820774.6,20.175232340669584
16,154832.8,562.5779590421224,1521.6,61.655818865699935,821010.7,24.07509086171847
17,149716.4,666.4689340096807,3755.0,182.6274897160885,821248.1,22.59402575903639
18,139547.5,1043.0780651514058,7236.7,284.7012644861276,821248.1,22.59402575903639
19,127247.8,1257.8706451777941,11577.1,374.1661262059942,821248.1,22.59402575903639
20,117657.4,1197.0424553874436,16398.4,428.48645252796496,821248.1,22.59402575903639
21,111632.9,1059.4146921767697,18638.2,456.6512454817133,822532.3,73.14923102808395
22,107943.8,1029.6162197634612,18627.1,426.9096977113544,825003.1,187.34591001673883
23,105321.2,1017.7742185769887,16682.4,460.7077598651883,828484.8,290.1464457821257
24,103382.6,1022.8669708226969,17458.4,439.85797707896575,832825.2,383.7983324612029
25,100789.2,1002.3313623747389,22806.0,642.5939620008891,837646.5,439.23439073005204
26,96209.1,1225.9368213737607,31581.7,851.8923699623093,841170.5,486.9739726104466
27,89741.4,1565.4956531399248,38712.4,861.9794893151461,843630.2,515.3838957515068
28,82509.8,1827.4868973538496,43199.9,788.7366417252339,845167.2,562.5779590421225
29,75484.9,1909.5670425517926,41772.6,734.4086328468641,850283.6,666.4689340096805
30,69429.4,1880.81297315815,34226.3,588.2905829604958,860452.5,1043.0780651514058
31,64640.7,1825.1355045584974,23865.2,754.1946433116586,872752.2,1257.8706451777941
32,60837.0,1825.6685350851617,16868.2,809.1426079499213,882342.6,1197.0424553874436
33,57093.9,1787.9146204447236,15423.8,628.9503637013019,888367.1,1059.4146921767697
34,51775.1,1940.4992888429513,18202.4,712.9662264090775,892056.2,1029.616219763461
35,44360.8,2262.879351622618,22811.4,1009.5620040393756,894678.8,1017.7742185769887
36,36315.6,2438.382750923243,27897.7,1154.2342959728758,896617.4,1022.866970822697
37,29241.6,2539.626161465502,31359.8,1119.7897838433782,899210.8,1002.3313623747389
38,23520.9,2615.018143340501,31568.4,767.0708181126433,903790.9,1225.9368213737607
39,18889.3,2532.6277282695933,28904.4,805.4410220494111,910258.6,1565.4956531399248
40,15050.6,2337.9400847754846,25415.9,1078.9980954570772,917490.2,1827.4868973538496
41,11833.6,2193.5262113774706,23709.8,1037.1003615851264,924515.1,1909.5670425517924
42,8835.6,2011.3620360342886,25068.6,1003.4834527783703,930570.6,1880.81297315815
43,5993.7,1758.2705167294366,28325.1,1280.7105410669499,935359.3,1825.1355045584974
44,3658.2,1376.4987322914615,31595.4,1655.448168925865,939163.0,1825.6685350851617
45,2069.8,996.5856511108313,33573.0,1673.0051404583312,942906.1,1787.9146204447236
46,1120.7,680.0267715318273,32885.8,1232.1683975820838,948224.9,1940.4992888429513
47,584.6,450.866987037197,29310.2,977.0532022361936,955639.2,2262.879351622618
48,314.2,294.24132952391307,24482.0,1359.4301011821094,963684.4,2438.3827509232424
49,174.3,186.3126673095525,20406.0,1575.4712310924626,970758.4,2539.626161465502
50,85.5,99.56831825435238,17527.2,1612.6004960931891,976479.1,2615.018143340501
51,35.8,48.9669276144624,15231.1,1580.4642007967154,981110.7,2532.6277282695933
52,10.0,15.479018056711478,12980.8,1552.219688059651,984949.4,2337.9400847754846
53,1.1,1.7578395831246947,10712.9,1610.6005370668422,988166.4,2193.5262113774706
54,0.0,0.0,8251.0,1617.2085208778738,991164.4,2011.362036034289
55,0.0,0.0,5679.5,1508.624887107461,994006.3,1758.2705167294366
56,0.0,0.0,3483.9,1221.0671930733376,996341.8,1376.4987322914612
57,0.0,0.0,1984.3,913.1720593623088,997930.2,996.5856511108315
58,0.0,0.0,1084.9,638.2754029413949,998879.3,680.0267715318272
59,0.0,0.0,574.6,437.9484444543673,999415.4,450.866987037197
60,0.0,0.0,313.1,292.79154700913074,999685.8,294.24132952391307
61,0.0,0.0,174.3,186.3126673095525,999825.7,186.3126673095525
62,0.0,0.0,85.5,99.56831825435238,999914.5,99.56831825435238
63,0.0,0.0,35.8,48.9669276144624,999964.2,48.96692761446239
64,0.0,0.0,10.0,15.479018056711478,999990.0,15.479018056711478
65,0.0,0.0,1.1,1.7578395831246947,999998.9,1.7578395831246947
66,0.0,0.0,0.0,0.0,1000000.0,0.0
67,0.0,0.0,0.0,0.0,1000000.0,0.0
68,0.0,0.0,0.0,0.0,1000000.0,0.0
69,0.0,0.0,0.0,0.0,1000000.0,0.0
70,0.0,0.0,0.0,0.0,1000000.0,0.0
71,0.0,0.0,0.0,0.0,1000000.0,0.0
72,0.0,0.0,0.0,0.0,1000000.0,0.0
73,0.0,0.0,0.0,0.0,1000000.0,0.0
74,0.0,0.0,0.0,0.0,1000000.0,0.0
75,0.0,0.0,0.0,0.0,1000000.0,0.0
76,0.0,0.0,0.0,0.0,1000000.0,0.0
77,0.0,0.0,0.0,0.0,1000000.0,0.0
78,0.0,0.0,0.0,0.0,1000000.0,0.0
79,0.0,0.0,0.0,0.0,1000000.0,0.0
80,0.0,0.0,0.0,0.0,1000000.0,0.0
81,0.0,0.0,0.0,0.0,1000000.0,0.0
82,0.0,0.0,0.0,0.0,1000000.0,0.0
83,0.0,0.0,0.0,0.0,1000000.0,0.0
84,0.0,0.0,0.0,0.0,1000000.0,0.0
85,0.0,0.0,0.0,0.0,1000000.0,0.0
86,0.0,0.0,0.0,0.0,1000000.0,0.0
87,0.0,0.0,0.0,0.0,1000000.0,0.0
88,0.0,0.0,0.0,0.0,1000000.0,0.0
89,0.0,0.0,0.0,0.0,1000000.0,0.0
90,0.0,0.0,0.0,0.0,1000000.0,0.0
91,0.0,0.0,0.0,0.0,1000000.0,0.0
92,0.0,0.0,0.0,0.0,1000000.0,0.0
93,0.0,0.0,0.0,0.0,1000000.0,0.0
94,0.0,0.0,0.0,0.0,1000000.0,0.0
95,0.0,0.0,0.0,0.0,1000000.0,0.0
96,0.0,0.0,0.0,0.0,1000000.0,0.0
97,0.0,0.0,0.0,0.0,1000000.0,0.0
98,0.0,0.0,0.0,0.0,1000000.0,0.0
99,0.0,0.0,0.0,0.0,1000000.0,0.0
100,0.0,0.0,0.0,0.0,1000000.0,0.0
101,0.0,0.0,0.0,0.0,1000000.0,0.0
102,0.0,0.0,0.0,0.0,1000000.0,0.0
103,0.0,0.0,0.0,0.0,1000000.0,0.0
104,0.0,0.0,0.0,0.0,1000000.0,0.0
105,0.0,0.0,0.0,0.0,1000000.0,0.0
106,0.0,0.0,0.0,0.0,1000000.0,0.0
107,0.0,0.0,0.0,0.0,1000000.0,0.0
108,0.0,0.0,0.0,0.0,1000000.0,0.0
109,0.0,0.0,0.0,0.0,1000000.0,0.0
110,0.0,0.0,0.0,0.0,1000000.0,0.0
111,0.0,0.0,0.0,0.0,1000000.0,0.0
112,0.0,0.0,0.0,0.0,1000000.0,0.0
113,0.0,0.0,0.0,0.0,1000000.0,0.0
114,0.0,0.0,0.0,0.0,1000000.0,0.0
115,0.0,0.0,0.0,0.0,1000000.0,0.0
116,0.0,0.0,0.0,0.0,1000000.0,0.0
117,0.0,0.0,0.0,0.0,1000000.0,0.0
118,0.0,0.0,0.0,0.0,1000000.0,0.0
119,0.0,0.0,0.0,0.0,1000000.0,0.0
120,0.0,0.0,0.0,0.0,1000000.0,0.0
121,0.0,0.0,0.0,0.0,1000000.0,0.0
122,0.0,0.0,0.0,0.0,1000000.0,0.0
123,0.0,0.0,0.0,0.0,1000000.0,0.0
124,0.0,0.0,0.0,0.0,1000000.0,0.0
125,0.0,0.0,0.0,0.0,1000000.0,0.0
126,0.0,0.0,0.0,0.0,1000000.0,0.0
127,0.0,0.0,0.0,0.0,1000000.0,0.0
128,0.0,0.0,0.0,0.0,1000000.0,0.0
129,0.0,0.0,0.0,0.0,1000000.0,0.0
130,0.0,0.0,0.0,0.0,1000000.0,0.0
131,0.0,0.0,0.0,0.0,1000000.0,0.0
132,0.0,0.0,0.0,0.0,1000000.0,0.0
133,0.0,0.0,0.0,0.0,1000000.0,0.0
134,0.0,0.0,0.0,0.0,1000000.0,0.0
135,0.0,0.0,0.0,0.0,1000000.0,0.0
136,0.0,0.0,0.0,0.0,1000000.0,0.0
137,0.0,0.0,0.0,0.0,1000000.0,0.0
138,0.0,0.0,0.0,0.0,1000000.0,0.0
139,0.0,0.0,0.0,0.0,1000000.0,0.0
140,0.0,0.0,0.0,0.0,1000000.0,0.0
141,0.0,0.0,0.0,0.0,1000000.0,0.0
142,0.0,0.0,0.0,0.0,1000000.0,0.0
143,0.0,0.0,0.0,0.0,1000000.0,0.0
144,0.0,0.0,0.0,0.0,1000000.0,0.0
145,0.0,0.0,0.0,0.0,1000000.0,0.0
146,0.0,0.0,0.0,0.0,1000000.0,0.0
147,0.0,0.0,0.0,0.0,1000000.0,0.0
148,0.0,0.0,0.0,0.0,1000000.0,0.0
149,0.0,0.0,0.0,0.0,1000000.0,0.0
150,0.0,0.0,0.0,0.0,1000000.0,0.0
151,0.0,0.0,0.0,0.0,1000000.0,0.0
152,0.0,0.0,0.0,0.0,1000000.0,0.0
153,0.0,0.0,0.0,0.0,1000000.0,0.0
154,0.0,0.0,0.0,0.0,1000000.0,0.0
155,0.0,0.0,0.0,0.0,1000000.0,0.0
156,0.0,0.0,0.0,0.0,1000000.0,0.0
157,0.0,0.0,0.0,0.0,1000000.0,0.0
158,0.0,0.0,0.0,0.0,1000000.0,0.0
159,0.0,0.0,0.0,0.0,1000000.0,0.0
160,0.0,0.0,0.0,0.0,1000000.0,0.0
161,0.0,0.0,0.0,0.0,1000000.0,0.0
162,0.0,0.0,0.0,0.0,1000000.0,0.0
163,0.0,0.0,0.0,0.0,1000000.0,0.0
164,0.0,0.0,0.0,0.0,1000000.0,0.0
165,0.0,0.0,0.0,0.0,1000000.0,0.0
166,0.0,0.0,0.0,0.0,1000000.0,0.0
167,0.0,0.0,0.0,0.0,1000000.0,0.0
168,0.0,0.0,0.0,0.0,1000000.0,0.0
169,0.0,0.0,0.0,0.0,1000000.0,0.0
170,0.0,0.0,0.0,0.0,1000000.0,0.0
171,0.0,0.0,0.0,0.0,1000000.0,0.0
172,0.0,0.0,0.0,0.0,1000000.0,0.0
173,0.0,0.0,0.0,0.0,1000000.0,0.0
174,0.0,0.0,0.0,0.0,1000000.0,0.0
175,0.0,0.0,0.0,0.0,1000000.0,0.0
176,0.0,0.0,0.0,0.0,1000000.0,0.0
177,0.0,0.0,0.0,0.0,1000000.0,0.0
178,0.0,0.0,0.0,0.0,1000000.0,0.0
179,0.0,0.0,0.0,0.0,1000000.0,0.0
180,0.0,0.0,0.0,0.0,1000000.0,0.0
181,0.0,0.0,0.0,0.0,1000000.0,0.0
182,0.0,0.0,0.0,0.0,1000000.0,0.0
183,0.0,0.0,0.0,0.0,1000000.0,0.0
184,0.0,0.0,0.0,0.0,1000000.0,0.0
185,0.0,0.0,0.0,0.0,1000000.0,0.0
186,0.0,0.0,0.0,0.0,1000000.0,0.0
187,0.0,0.0,0.0,0.0,1000000.0,0.0
188,0.0,0.0,0.0,0.0,1000000.0,0.0
189,0.0,0.0,0.0,0.0,1000000.0,0.0
190,0.0,0.0,0.0,0.0,1000000.0,0.0
191,0.0,0.0,0.0,0.0,1000000.0,0.0
192,0.0,0.0,0.0,0.0,1000000.0,0.0
193,0.0,0.0,0.0,0.0,1000000.0,0.0
194,0.0,0.0,0.0,0.0,1000000.0,0.0
195,0.0,0.0,0.0,0.0,1000000.0,0.0
196,0.0,0.0,0.0,0.0,1000000.0,0.0
197,0.0,0.0,0.0,0.0,1000000.0,0.0
198,0.0,0.0,0.0,0.0,1000000.0,0.0
199,0.0,0.0,0.0,0.0,1000000.0,0.0
200,0.0,0.0,0.0,0.0,1000000.0,0.0
201,0.1,0.30000000000000004,0.0,0.0,1000000.0,0.0
202,0.1,0.30000000000000004,0.0,0.0,1000000.0,0.0
203,0.1,0.30000000000000004,0.0,0.0,1000000.0,0.0
204,0.1,0.30000000000000004,0.0,0.0,1000000.0,0.0
205,0.1,0.30000000000000004,0.0,0.0,1000000.0,0.0
206,0.1,0.30000000000000004,0.0,0.0,1000000.0,0.0
207,0.1,0.30000000000000004,0.0,0.0,1000000.0,0.0
208,0.1,0.30000000000000004,0.0,0.0,1000000.0,0.0
209,0.1,0.30000000000000004,0.0,0.0,1000000.0,0.0
210,0.1,0.30000000000000004,0.0,0.0,1000000.0,0.0
211,0.1,0.30000000000000004,0.0,0.0,1000000.0,0.0
212,0.1,0.30000000000000004,0.0,0.0,1000000.0,0.0
213,0.1,0.30000000000000004,0.0,0.0,1000000.0,0.0
214,0.1,0.30000000000000004,0.0,0.0,1000000.0,0.0
215,0.1,0.30000000000000004,0.0,0.0,1000000.0,0.0
216,0.1,0.30000000000000004,0.0,0.0,1000000.0,0.0
217,0.1,0.30000000000000004,0.0,0.0,1000000.0,0.0
218,0.1,0.30000000000000004,0.0,0.0,1000000.0,0.0
219,0.1,0.30000000000000004,0.0,0.0,1000000.0,0.0
220,0.1,0.30000000000000004,0.0,0.0,1000000.0,0.0
221,0.1,0.30000000000000004,0.0,0.0,1000000.0,0.0
222,0.1,0.30000000000000004,0.0,0.0,1000000.0,0.0
223,0.1,0.30000000000000004,0.0,0.0,1000000.0,0.0
224,0.1,0.30000000000000004,0.0,0.0,1000000.0,0.0
225,0.1,0.30000000000000004,0.0,0.0,1000000.0,0.0
226,0.1,0.30000000000000004,0.0,0.0,1000000.0,0.0
227,0.1,0.30000000000000004,0.0,0.0,1000000.0,0.0
228,0.1,0.30000000000000004,0.0,0.0,1000000.0,0.0
229,0.1,0.30000000000000004,0.0,0.0,1000000.0,0.0
230,0.1,0.30000000000000004,0.0,0.0,1000000.0,0.0
231,0.1,0.30000000000000004,0.0,0.0,1000000.0,0.0
232,0.1,0.30000000000000004,0.0,0.0,1000000.0,0.0
233,0.1,0.30000000000000004,0.0,0.0,1000000.0,0.0
234,0.1,0.30000000000000004,0.0,0.0,1000000.0,0.0
235,0.1,0.30000000000000004,0.0,0.0,1000000.0,0.0
236,0.1,0.30000000000000004,0.0,0.0,1000000.0,0.0
237,0.1,0.30000000000000004,0.0,0.0,1000000.0,0.0
238,0.1,0.30000000000000004,0.0,0.0,1000000.0,0.0
239,0.1,0.30000000000000004,0.0,0.0,1000000.0,0.0
240,0.1,0.30000000000000004,0.0,0.0,1000000.0,0.0
241,0.1,0.30000000000000004,0.0,0.0,1000000.0,0.0
242,0.1,0.30000000000000004,0.0,0.0,1000000.0,0.0
243,0.1,0.30000000000000004,0.0,0.0,1000000.0,0.0
244,0.1,0.30000000000000004,0.0,0.0,1000000.0,0.0
245,0.1,0.30000000000000004,0.0,0.0,1000000.0,0.0
246,0.1,0.30000000000000004,0.0,0.0,1000000.0,0.0
247,0.1,0.30000000000000004,0.0,0.0,1000000.0,0.0
248,0.1,0.30000000000000004,0.0,0.0,1000000.0,0.0
249,0.1,0.30000000000000004,0.0,0.0,1000000.0,0.0
250,0.1,0.30000000000000004,0.0,0.0,1000000.0,0.0
251,0.1,0.30000000000000004,0.0,0.0,1000000.0,0.0
252,0.1,0.30000000000000004,0.0,0.0,1000000.0,0.0
253,0.1,0.30000000000000004,0.0,0.0,1000000.0,0.0
254,0.1,0.30000000000000004,0.0,0.0,1000000.0,0.0
255,0.1,0.30000000000000004,0.0,0.0,1000000.0,0.0
256,0.1,0.30000000000000004,0.0,0.0,1000000.0,0.0
257,0.1,0.30000000000000004,0.0,0.0,1000000.0,0.0
258,0.1,0.30000000000000004,0.0,0.0,1000000.0,0.0
259,0.1,0.30000000000000004,0.0,0.0,1000000.0,0.0
260,0.1,0.30000000000000004,0.0,0.0,1000000.0,0.0
261,0.1,0.30000000000000004,0.0,0.0,1000000.0,0.0
262,0.1,0.30000000000000004,0.0,0.0,1000000.0,0.0
263,0.1,0.30000000000000004,0.0,0.0,1000000.0,0.0
264,0.1,0.30000000000000004,0.0,0.0,1000000.0,0.0
265,0.1,0.30000000000000004,0.0,0.0,1000000.0,0.0
266,0.1,0.30000000000000004,0.0,0.0,1000000.0,0.0
267,0.1,0.30000000000000004,0.0,0.0,1000000.0,0.0
268,0.1,0.30000000000000004,0.0,0.0,1000000.0,0.0
269,0.1,0.30000000000000004,0.0,0.0,1000000.0,0.0
270,0.1,0.30000000000000004,0.0,0.0,1000000.0,0.0
271,0.1,0.30000000000000004,0.0,0.0,1000000.0,0.0
272,0.1,0.30000000000000004,0.0,0.0,1000000.0,0.0
273,0.1,0.30000000000000004,0.0,0.0,1000000.0,0.0
274,0.1,0.30000000000000004,0.0,0.0,1000000.0,0.0
275,0.1,0.30000000000000004,0.0,0.0,1000000.0,0.0
276,0.1,0.30000000000000004,0.0,0.0,1000000.0,0.0
277,0.1,0.30000000000000004,0.0,0.0,1000000.0,0.0
278,0.1,0.30000000000000004,0.0,0.0,1000000.0,0.0
279,0.1,0.30000000000000004,0.0,0.0,1000000.0,0.0
280,0.1,0.30000000000000004,0.0,0.0,1000000.0,0.0
281,0.1,0.30000000000000004,0.0,0.0,1000000.0,0.0
282,0.1,0.30000000000000004,0.0,0.0,1000000.0,0.0
283,0.1,0.30000000000000004,0.0,0.0,1000000.0,0.0
284,0.1,0.30000000000000004,0.0,0.0,1000000.0,0.0
285,0.1,0.30000000000000004,0.0,0.0,1000000.0,0.0
286,0.1,0.30000000000000004,0.0,0.0,1000000.0,0.0
287,0.1,0.30000000000000004,0.0,0.0,1000000.0,0.0
288,0.1,0.30000000000000004,0.0,0.0,1000000.0,0.0
289,0.1,0.30000000000000004,0.0,0.0,1000000.0,0.0
290,0.1,0.30000000000000004,0.0,0.0,1000000.0,0.0
291,0.1,0.30000000000000004,0.0,0.0,1000000.0,0.0
292,0.1,0.30000000000000004,0.0,0.0,1000000.0,0.0
293,0.1,0.30000000000000004,0.0,0.0,1000000.0,0.0
294,0.1,0.30000000000000004,0.0,0.0,1000000.0,0.0
295,0.1,0.30000000000000004,0.0,0.0,1000000.0,0.0
296,0.1,0.30000000000000004,0.0,0.0,1000000.0,0.0
297,0.1,0.30000000000000004,0.0,0.0,1000000.0,0.0
298,0.1,0.30000000000000004,0.0,0.0,1000000.0,0.0
299,0.1,0.30000000000000004,0.0,0.0,1000000.0,0.0
300,0.1,0.30000000000000004,0.0,0.0,1000000.0,0.0
301,0.1,0.30000000000000004,0.0,0.0,1000000.0,0.0
302,0.1,0.30000000000000004,0.0,0.0,1000000.0,0.0
303,0.1,0.30000000000000004,0.0,0.0,1000000.0,0.0
304,0.1,0.30000000000000004,0.0,0.0,1000000.0,0.0
305,0.1,0.30000000000000004,0.0,0.0,1000000.0,0.0
306,0.1,0.30000000000000004,0.0,0.0,1000000.0,0.0
307,0.1,0.30000000000000004,0.0,0.0,1000000.0,0.0
308,0.1,0.30000000000000004,0.0,0.0,1000000.0,0.0
309,0.1,0.30000000000000004,0.0,0.0,1000000.0,0.0
310,0.1,0.30000000000000004,0.0,0.0,1000000.0,0.0
311,0.1,0.30000000000000004,0.0,0.0,1000000.0,0.0
312,0.1,0.30000000000000004,0.0,0.0,1000000.0,0.0
313,0.1,0.30000000000000004,0.0,0.0,1000000.0,0.0
314,0.1,0.30000000000000004,0.0,0.0,1000000.0,0.0
315,0.1,0.30000000000000004,0.0,0.0,1000000.0,0.0
316,0.1,0.30000000000000004,0.0,0.0,1000000.0,0.0
317,0.1,0.30000000000000004,0.0,0.0,1000000.0,0.0
318,0.1,0.30000000000000004,0.0,0.0,1000000.0,0.0
319,0.1,0.30000000000000004,0.0,0.0,1000000.0,0.0
320,0.1,0.30000000000000004,0.0,0.0,1000000.0,0.0
321,0.1,0.30000000000000004,0.0,0.0,1000000.0,0.0
322,0.1,0.30000000000000004,0.0,0.0,1000000.0,0.0
323,0.1,0.30000000000000004,0.0,0.0,1000000.0,0.0
324,0.1,0.30000000000000004,0.0,0.0,1000000.0,0.0
325,0.1,0.30000000000000004,0.0,0.0,1000000.0,0.0
326,0.2,0.4000000000000001,0.0,0.0,1000000.0,0.0
327,0.2,0.4000000000000001,0.0,0.0,1000000.0,0.0
328,0.2,0.4000000000000001,0.0,0.0,1000000.0,0.0
329,0.2,0.4000000000000001,0.0,0.0,1000000.0,0.0
330,0.2,0.4000000000000001,0.0,0.0,1000000.0,0.0
331,0.2,0.4000000000000001,0.0,0.0,1000000.0,0.0
332,0.2,0.4000000000000001,0.0,0.0,1000000.0,0.0
333,0.2,0.4000000000000001,0.0,0.0,1000000.0,0.0
334,0.2,0.4000000000000001,0.0,0.0,1000000.0,0.0
335,0.2,0.4000000000000001,0.0,0.0,1000000.0,0.0
336,0.2,0.4000000000000001,0.0,0.0,1000000.0,0.0
337,0.2,0.4000000000000001,0.0,0.0,1000000.0,0.0
338,0.2,0.4000000000000001,0.0,0.0,1000000.0,0.0
339,0.2,0.4000000000000001,0.0,0.0,1000000.0,0.0
340,0.2,0.4000000000000001,0.0,0.0,1000000.0,0.0
341,0.2,0.4000000000000001,0.0,0.0,1000000.0,0.0
342,0.2,0.4000000000000001,0.0,0.0,1000000.0,0.0
343,0.2,0.4000000000000001,0.0,0.0,1000000.0,0.0
344,0.2,0.4000000000000001,0.0,0.0,1000000.0,0.0
345,0.2,0.4000000000000001,0.0,0.0,1000000.0,0.0
346,0.2,0.4000000000000001,0.0,0.0,1000000.0,0.0
347,0.2,0.4000000000000001,0.0,0.0,1000000.0,0.0
348,0.2,0.4000000000000001,0.0,0.0,1000000.0,0.0
349,0.2,0.4000000000000001,0.0,0.0,1000000.0,0.0
350,0.2,0.4000000000000001,0.0,0.0,1000000.0,0.0
351,0.2,0.4000000000000001,0.0,0.0,1000000.0,0.0
352,0.2,0.4000000000000001,0.0,0.0,1000000.0,0.0
353,0.2,0.4000000000000001,0.0,0.0,1000000.0,0.0
354,0.2,0.4000000000000001,0.0,0.0,1000000.0,0.0
355,0.2,0.4000000000000001,0.0,0.0,1000000.0,0.0
356,0.2,0.4000000000000001,0.0,0.0,1000000.0,0.0
357,0.2,0.4000000000000001,0.0,0.0,1000000.0,0.0
358,0.2,0.4000000000000001,0.0,0.0,1000000.0,0.0
359,0.2,0.4000000000000001,0.0,0.0,1000000.0,0.0
360,0.2,0.4000000000000001,0.0,0.0,1000000.0,0.0
361,0.2,0.4000000000000001,0.0,0.0,1000000.0,0.0
362,0.2,0.4000000000000001,0.0,0.0,1000000.0,0.0
363,0.2,0.4000000000000001,0.0,0.0,1000000.0,0.0
364,0.2,0.4000000000000001,0.0,0.0,1000000.0,0.0
365,0.2,0.4000000000000001,0.0,0.0,1000000.0,0.0
366,0.2,0.4000000000000001,0.0,0.0,1000000.0,0.0
367,0.2,0.4000000000000001,0.0,0.0,1000000.0,0.0
368,0.2,0.4000000000000001,0.0,0.0,1000000.0,0.0
369,0.2,0.4000000000000001,0.0,0.0,1000000.0,0.0
370,0.2,0.4000000000000001,0.0,0.0,1000000.0,0.0
371,0.2,0.4000000000000001,0.0,0.0,1000000.0,0.0
372,0.2,0.4000000000000001,0.0,0.0,1000000.0,0.0
373,0.2,0.4000000000000001,0.0,0.0,1000000.0,0.0
374,0.2,0.4000000000000001,0.0,0.0,1000000.0,0.0
375,0.2,0.4000000000000001,0.0,0.0,1000000.0,0.0
376,0.2,0.4000000000000001,0.0,0.0,1000000.0,0.0
377,0.2,0.4000000000000001,0.0,0.0,1000000.0,0.0
378,0.2,0.4000000000000001,0.0,0.0,1000000.0,0.0
379,0.2,0.4000000000000001,0.0,0.0,1000000.0,0.0
380,0.2,0.4000000000000001,0.0,0.0,1000000.0,0.0
381,0.2,0.4000000000000001,0.0,0.0,1000000.0,0.0
382,0.2,0.4000000000000001,0.0,0.0,1000000.0,0.0
383,0.2,0.4000000000000001,0.0,0.0,1000000.0,0.0
384,0.2,0.4000000000000001,0.0,0.0,1000000.0,0.0
385,0.2,0.4000000000000001,0.0,0.0,1000000.0,0.0
386,0.2,0.4000000000000001,0.0,0.0,1000000.0,0.0
387,0.2,0.4000000000000001,0.0,0.0,1000000.0,0.0
388,0.2,0.4000000000000001,0.0,0.0,1000000.0,0.0
389,0.2,0.4000000000000001,0.0,0.0,1000000.0,0.0
390,0.2,0.4000000000000001,0.0,0.0,1000000.0,0.0
391,0.2,0.4000000000000001,0.0,0.0,1000000.0,0.0
392,0.2,0.4000000000000001,0.0,0.0,1000000.0,0.0
393,0.2,0.4000000000000001,0.0,0.0,999999.9,0.30000000000000004
394,0.2,0.4000000000000001,0.0,0.0,1000000.0,0.0
395,0.2,0.4000000000000001,0.0,0.0,1000000.0,0.0
396,0.2,0.4000000000000001,0.0,0.0,1000000.0,0.0
397,0.2,0.4000000000000001,0.0,0.0,1000000.0,0.0
398,0.2,0.4000000000000001,0.0,0.0,1000000.0,0.0
399,0.2,0.4000000000000001,0.0,0.0,1000000.0,0.0
400,0.2,0.4000000000000001,0.0,0.0,1000000.0,0.0
401,0.2,0.4000000000000001,0.0,0.0,1000000.0,0.0
402,0.2,0.4000000000000001,0.0,0.0,1000000.0,0.0
403,0.2,0.4000000000000001,0.0,0.0,1000000.0,0.0
404,0.2,0.4000000000000001,0.0,0.0,1000000.0,0.0
405,0.2,0.4000000000000001,0.0,0.0,1000000.0,0.0
406,0.2,0.4000000000000001,0.0,0.0,1000000.0,0.0
407,0.2,0.4000000000000001,0.0,0.0,1000000.0,0.0
408,0.2,0.4000000000000001,0.0,0.0,1000000.0,0.0
409,0.2,0.4000000000000001,0.0,0.0,1000000.0,0.0
410,0.2,0.4000000000000001,0.0,0.0,1000000.0,0.0
411,0.2,0.4000000000000001,0.0,0.0,1000000.0,0.0
412,0.2,0.4000000000000001,0.0,0.0,1000000.0,0.0
413,0.2,0.4000000000000001,0.0,0.0,1000000.0,0.0
414,0.2,0.4000000000000001,0.0,0.0,1000000.0,0.0
415,0.2,0.4000000000000001,0.0,0.0,1000000.0,0.0
416,0.2,0.4000000000000001,0.0,0.0,1000000.0,0.0
417,0.2,0.4000000000000001,0.0,0.0,1000000.0,0.0
418,0.2,0.4000000000000001,0.0,0.0,1000000.0,0.0
419,0.2,0.4000000000000001,0.0,0.0,1000000.0,0.0
420,0.2,0.4000000000000001,0.0,0.0,1000000.0,0.0
421,0.2,0.4000000000000001,0.0,0.0,1000000.0,0.0
422,0.2,0.4000000000000001,0.0,0.0,1000000.0,0.0
423,0.2,0.4000000000000001,0.0,0.0,1000000.0,0.0
424,0.2,0.4000000000000001,0.0,0.0,1000000.0,0.0
425,0.2,0.4000000000000001,0.0,0.0,1000000.0,0.0
426,0.2,0.4000000000000001,0.0,0.0,1000000.0,0.0
427,0.2,0.4000000000000001,0.0,0.0,1000000.0,0.0
428,0.2,0.4000000000000001,0.0,0.0,1000000.0,0.0
429,0.2,0.4000000000000001,0.0,0.0,1000000.0,0.0
430,0.2,0.4000000000000001,0.0,0.0,1000000.0,0.0
431,0.2,0.4000000000000001,0.0,0.0,1000000.0,0.0
432,0.2,0.4000000000000001,0.0,0.0,1000000.0,0.0
433,0.2,0.4000000000000001,0.0,0.0,1000000.0,0.0
434,0.2,0.4000000000000001,0.0,0.0,1000000.0,0.0
435,0.2,0.4000000000000001,0.0,0.0,1000000.0,0.0
436,0.2,0.4000000000000001,0.0,0.0,1000000.0,0.0
437,0.2,0.4000000000000001,0.0,0.0,1000000.0,0.0
438,0.2,0.4000000000000001,0.0,0.0,1000000.0,0.0
439,0.2,0.4000000000000001,0.0,0.0,1000000.0,0.0
440,0.2,0.4000000000000001,0.0,0.0,1000000.0,0.0
441,0.2,0.4000000000000001,0.0,0.0,1000000.0,0.0
442,0.2,0.4000000000000001,0.0,0.0,1000000.0,0.0
443,0.2,0.4000000000000001,0.0,0.0,1000000.0,0.0
444,0.2,0.4000000000000001,0.0,0.0,1000000.0,0.0
445,0.2,0.4000000000000001,0.0,0.0,1000000.0,0.0
446,0.2,0.4000000000000001,0.0,0.0,1000000.0,0.0
447,0.2,0.4000000000000001,0.0,0.0,1000000.0,0.0
448,0.2,0.4000000000000001,0.0,0.0,1000000.0,0.0
449,0.2,0.4000000000000001,0.0,0.0,1000000.0,0.0
450,0.2,0.4000000000000001,0.0,0.0,1000000.0,0.0
451,0.2,0.4000000000000001,0.0,0.0,1000000.0,0.0
452,0.2,0.4000000000000001,0.0,0.0,1000000.0,0.0
453,0.2,0.4000000000000001,0.0,0.0,1000000.0,0.0
454,0.2,0.4000000000000001,0.0,0.0,1000000.0,0.0
455,0.2,0.4000000000000001,0.0,0.0,1000000.0,0.0
456,0.2,0.4000000000000001,0.0,0.0,1000000.0,0.0
457,0.2,0.4000000000000001,0.0,0.0,1000000.0,0.0
458,0.2,0.4000000000000001,0.0,0.0,1000000.0,0.0
459,0.2,0.4000000000000001,0.0,0.0,1000000.0,0.0
460,0.2,0.4000000000000001,0.0,0.0,1000000.0,0.0
461,0.2,0.4000000000000001,0.0,0.0,1000000.0,0.0
462,0.2,0.4000000000000001,0.0,0.0,1000000.0,0.0
463,0.2,0.4000000000000001,0.0,0.0,1000000.0,0.0
464,0.2,0.4000000000000001,0.0,0.0,1000000.0,0.0
465,0.2,0.4000000000000001,0.0,0.0,1000000.0,0.0
466,0.2,0.4000000000000001,0.0,0.0,1000000.0,0.0
467,0.2,0.4000000000000001,0.0,0.0,1000000.0,0.0
468,0.2,0.4000000000000001,0.0,0.0,1000000.0,0.0
469,0.2,0.4000000000000001,0.0,0.0,1000000.0,0.0
470,0.2,0.4000000000000001,0.0,0.0,1000000.0,0.0
471,0.2,0.4000000000000001,0.0,0.0,1000000.0,0.0
472,0.2,0.4000000000000001,0.0,0.0,1000000.0,0.0
473,0.2,0.4000000000000001,0.0,0.0,1000000.0,0.0
474,0.2,0.4000000000000001,0.0,0.0,1000000.0,0.0
475,0.2,0.4000000000000001,0.0,0.0,1000000.0,0.0
476,0.2,0.4000000000000001,0.0,0.0,1000000.0,0.0
477,0.2,0.4000000000000001,0.0,0.0,1000000.0,0.0
478,0.2,0.4000000000000001,0.0,0.0,1000000.0,0.0
479,0.2,0.4000000000000001,0.0,0.0,1000000.0,0.0
480,0.2,0.4000000000000001,0.0,0.0,1000000.0,0.0
481,0.2,0.4000000000000001,0.0,0.0,1000000.0,0.0
482,0.2,0.4000000000000001,0.0,0.0,1000000.0,0.0
483,0.2,0.4000000000000001,0.0,0.0,1000000.0,0.0
484,0.2,0.4000000000000001,0.0,0.0,1000000.0,0.0
485,0.2,0.4000000000000001,0.0,0.0,1000000.0,0.0
486,0.2,0.4000000000000001,0.0,0.0,1000000.0,0.0
487,0.2,0.4000000000000001,0.0,0.0,1000000.0,0.0
488,0.2,0.4000000000000001,0.0,0.0,1000000.0,0.0
489,0.2,0.4000000000000001,0.0,0.0,1000000.0,0.0
490,0.2,0.4000000000000001,0.0,0.0,1000000.0,0.0
491,0.2,0.4000000000000001,0.0,0.0,1000000.0,0.0
492,0.2,0.4000000000000001,0.0,0.0,1000000.0,0.0
493,0.2,0.4000000000000001,0.0,0.0,1000000.0,0.0
494,0.2,0.4000000000000001,0.0,0.0,1000000.0,0.0
495,0.2,0.4000000000000001,0.0,0.0,1000000.0,0.0
496,0.2,0.4000000000000001,0.0,0.0,1000000.0,0.0
497,0.2,0.4000000000000001,0.0,0.0,1000000.0,0.0
498,0.2,0.4000000000000001,0.0,0.0,1000000.0,0.0
499,0.2,0.4000000000000001,0.0,0.0,1000000.0,0.0
500,0.2,0.4000000000000001,0.0,0.0,1000000.0,0.0
501,0.2,0.4000000000000001,0.0,0.0,1000000.0,0.0
502,0.2,0.4000000000000001,0.0,0.0,1000000.0,0.0
503,0.2,0.4000000000000001,0.0,0.0,1000000.0,0.0
504,0.2,0.4000000000000001,0.0,0.0,1000000.0,0.0
505,0.2,0.4000000000000001,0.0,0.0,1000000.0,0.0
506,0.2,0.4000000000000001,0.0,0.0,1000000.0,0.0
507,0.2,0.4000000000000001,0.0,0.0,1000000.0,0.0
508,0.2,0.4000000000000001,0.0,0.0,1000000.0,0.0
509,0.2,0.4000000000000001,0.0,0.0,1000000.0,0.0
510,0.2,0.4000000000000001,0.0,0.0,1000000.0,0.0
511,0.2,0.4000000000000001,0.0,0.0,1000000.0,0.0
512,0.2,0.4000000000000001,0.0,0.0,1000000.0,0.0
513,0.2,0.4000000000000001,0.0,0.0,1000000.0,0.0
514,0.2,0.4000000000000001,0.0,0.0,1000000.0,0.0
515,0.2,0.4000000000000001,0.0,0.0,1000000.0,0.0
516,0.2,0.4000000000000001,0.0,0.0,1000000.0,0.0
517,0.2,0.4000000000000001,0.0,0.0,1000000.0,0.0
518,0.2,0.4000000000000001,0.0,0.0,1000000.0,0.0
519,0.2,0.4000000000000001,0.0,0.0,1000000.0,0.0
520,0.2,0.4000000000000001,0.0,0.0,1000000.0,0.0
521,0.2,0.4000000000000001,0.0,0.0,1000000.0,0.0
522,0.2,0.4000000000000001,0.0,0.0,1000000.0,0.0
523,0.2,0.4000000000000001,0.0,0.0,1000000.0,0.0
524,0.2,0.4000000000000001,0.0,0.0,1000000.0,0.0
525,0.2,0.4000000000000001,0.0,0.0,1000000.0,0.0
526,0.2,0.4000000000000001,0.0,0.0,1000000.0,0.0
527,0.2,0.4000000000000001,0.0,0.0,1000000.0,0.0
528,0.2,0.4000000000000001,0.0,0.0,1000000.0,0.0
529,0.2,0.4000000000000001,0.0,0.0,1000000.0,0.0
530,0.2,0.4000000000000001,0.0,0.0,1000000.0,0.0
531,0.2,0.4000000000000001,0.0,0.0,1000000.0,0.0
532,0.2,0.4000000000000001,0.0,0.0,1000000.0,0.0
533,0.2,0.4000000000000001,0.0,0.0,1000000.0,0.0
534,0.2,0.4000000000000001,0.0,0.0,1000000.0,0.0
535,0.2,0.4000000000000001,0.0,0.0,1000000.0,0.0
536,0.2,0.4000000000000001,0.0,0.0,1000000.0,0.0
537,0.2,0.4000000000000001,0.0,0.0,1000000.0,0.0
538,0.2,0.4000000000000001,0.0,0.0,1000000.0,0.0
539,0.2,0.4000000000000001,0.0,0.0,1000000.0,0.0
540,0.2,0.4000000000000001,0.0,0.0,1000000.0,0.0
541,0.2,0.4000000000000001,0.0,0.0,1000000.0,0.0
542,0.2,0.4000000000000001,0.0,0.0,1000000.0,0.0
543,0.2,0.4000000000000001,0.0,0.0,1000000.0,0.0
544,0.2,0.4000000000000001,0.0,0.0,1000000.0,0.0
545,0.2,0.4000000000000001,0.0,0.0,1000000.0,0.0
546,0.2,0.4000000000000001,0.0,0.0,1000000.0,0.0
547,0.2,0.4000000000000001,0.0,0.0,1000000.0,0.0
548,0.2,0.4000000000000001,0.0,0.0,1000000.0,0.0
549,0.2,0.4000000000000001,0.0,0.0,1000000.0,0.0
550,0.2,0.4000000000000001,0.0,0.0,1000000.0,0.0
551,0.2,0.4000000000000001,0.0,0.0,1000000.0,0.0
552,0.2,0.4000000000000001,0.0,0.0,1000000.0,0.0
553,0.2,0.4000000000000001,0.0,0.0,1000000.0,0.0
554,0.2,0.4000000000000001,0.0,0.0,1000000.0,0.0
555,0.2,0.4000000000000001,0.0,0.0,1000000.0,0.0
556,0.2,0.4000000000000001,0.0,0.0,1000000.0,0.0
557,0.2,0.4000000000000001,0.0,0.0,1000000.0,0.0
558,0.2,0.4000000000000001,0.0,0.0,1000000.0,0.0
559,0.2,0.4000000000000001,0.0,0.0,1000000.0,0.0
560,0.2,0.4000000000000001,0.0,0.0,1000000.0,0.0
561,0.2,0.4000000000000001,0.0,0.0,1000000.0,0.0
562,0.2,0.4000000000000001,0.0,0.0,1000000.0,0.0
563,0.2,0.4000000000000001,0.0,0.0,1000000.0,0.0
564,0.2,0.4000000000000001,0.0,0.0,1000000.0,0.0
565,0.2,0.4000000000000001,0.0,0.0,1000000.0,0.0
566,0.2,0.4000000000000001,0.0,0.0,1000000.0,0.0
567,0.2,0.4000000000000001,0.0,0.0,1000000.0,0.0
568,0.2,0.4000000000000001,0.0,0.0,1000000.0,0.0
569,0.2,0.4000000000000001,0.0,0.0,1000000.0,0.0
570,0.2,0.4000000000000001,0.0,0.0,1000000.0,0.0
571,0.2,0.4000000000000001,0.0,0.0,1000000.0,0.0
572,0.2,0.4000000000000001,0.0,0.0,1000000.0,0.0
573,0.2,0.4000000000000001,0.0,0.0,1000000.0,0.0
574,0.2,0.4000000000000001,0.0,0.0,1000000.0,0.0
575,0.2,0.4000000000000001,0.0,0.0,1000000.0,0.0
576,0.2,0.4000000000000001,0.0,0.0,1000000.0,0.0
577,0.2,0.4000000000000001,0.0,0.0,1000000.0,0.0
578,0.2,0.4000000000000001,0.0,0.0,1000000.0,0.0
579,0.2,0.4000000000000001,0.0,0.0,1000000.0,0.0
580,0.2,0.4000000000000001,0.0,0.0,1000000.0,0.0
581,0.2,0.4000000000000001,0.0,0.0,1000000.0,0.0
582,0.2,0.4000000000000001,0.0,0.0,1000000.0,0.0
583,0.2,0.4000000000000001,0.0,0.0,1000000.0,0.0
584,0.2,0.4000000000000001,0.0,0.0,1000000.0,0.0
585,0.2,0.4000000000000001,0.0,0.0,1000000.0,0.0
586,0.2,0.4000000000000001,0.0,0.0,1000000.0,0.0
587,0.2,0.4000000000000001,0.0,0.0,1000000.0,0.0
588,0.2,0.4000000000000001,0.0,0.0,1000000.0,0.0
589,0.2,0.4000000000000001,0.0,0.0,1000000.0,0.0
590,0.2,0.4000000000000001,0.0,0.0,1000000.0,0.0
591,0.2,0.4000000000000001,0.0,0.0,1000000.0,0.0
592,0.2,0.4000000000000001,0.0,0.0,1000000.0,0.0
593,0.2,0.4000000000000001,0.0,0.0,1000000.0,0.0
594,0.2,0.4000000000000001,0.0,0.0,1000000.0,0.0
595,0.2,0.4000000000000001,0.0,0.0,1000000.0,0.0
596,0.2,0.4000000000000001,0.0,0.0,1000000.0,0.0
597,0.2,0.4000000000000001,0.0,0.0,1000000.0,0.0
598,0.2,0.4000000000000001,0.0,0.0,1000000.0,0.0
599,0.2,0.4000000000000001,0.0,0.0,1000000.0,0.0
600,0.2,0.4000000000000001,0.0,0.0,1000000.0,0.0
601,0.2,0.4000000000000001,0.0,0.0,1000000.0,0.0
602,0.2,0.4000000000000001,0.0,0.0,1000000.0,0.0
603,0.2,0.4000000000000001,0.0,0.0,1000000.0,0.0
604,0.2,0.4000000000000001,0.0,0.0,1000000.0,0.0
605,0.2,0.4000000000000001,0.0,0.0,1000000.0,0.0
606,0.2,0.4000000000000001,0.0,0.0,1000000.0,0.0
607,0.2,0.4000000000000001,0.0,0.0,1000000.0,0.0
608,0.2,0.4000000000000001,0.0,0.0,1000000.0,0.0
609,0.2,0.4000000000000001,0.0,0.0,1000000.0,0.0
610,0.2,0.4000000000000001,0.0,0.0,1000000.0,0.0
611,0.2,0.4000000000000001,0.0,0.0,1000000.0,0.0
612,0.2,0.4000000000000001,0.0,0.0,1000000.0,0.0
613,0.2,0.4000000000000001,0.0,0.0,1000000.0,0.0
614,0.2,0.4000000000000001,0.0,0.0,1000000.0,0.0
615,0.2,0.4000000000000001,0.0,0.0,1000000.0,0.0
616,0.2,0.4000000000000001,0.0,0.0,1000000.0,0.0
617,0.2,0.4000000000000001,0.0,0.0,1000000.0,0.0
618,0.2,0.4000000000000001,0.0,0.0,1000000.0,0.0
619,0.2,0.4000000000000001,0.0,0.0,1000000.0,0.0
620,0.2,0.4000000000000001,0.0,0.0,1000000.0,0.0
621,0.2,0.4000000000000001,0.0,0.0,1000000.0,0.0
622,0.2,0.4000000000000001,0.0,0.0,1000000.0,0.0
623,0.2,0.4000000000000001,0.0,0.0,1000000.0,0.0
624,0.2,0.4000000000000001,0.0,0.0,1000000.0,0.0
625,0.2,0.4000000000000001,0.0,0.0,1000000.0,0.0
626,0.2,0.4000000000000001,0.0,0.0,1000000.0,0.0
627,0.2,0.4000000000000001,0.0,0.0,1000000.0,0.0
628,0.2,0.4000000000000001,0.0,0.0,1000000.0,0.0
629,0.2,0.4000000000000001,0.0,0.0,1000000.0,0.0
630,0.2,0.4000000000000001,0.0,0.0,1000000.0,0.0
631,0.2,0.4000000000000001,0.0,0.0,1000000.0,0.0
632,0.2,0.4000000000000001,0.0,0.0,1000000.0,0.0
633,0.2,0.4000000000000001,0.0,0.0,1000000.0,0.0
634,0.2,0.4000000000000001,0.0,0.0,1000000.0,0.0
635,0.2,0.4000000000000001,0.0,0.0,1000000.0,0.0
636,0.2,0.4000000000000001,0.0,0.0,1000000.0,0.0
637,0.2,0.4000000000000001,0.0,0.0,1000000.0,0.0
638,0.2,0.4000000000000001,0.0,0.0,1000000.0,0.0
639,0.2,0.4000000000000001,0.0,0.0,1000000.0,0.0
640,0.2,0.4000000000000001,0.0,0.0,1000000.0,0.0
641,0.2,0.4000000000000001,0.0,0.0,1000000.0,0.0
642,0.2,0.4000000000000001,0.0,0.0,1000000.0,0.0
643,0.2,0.4000000000000001,0.0,0.0,1000000.0,0.0
644,0.2,0.4000000000000001,0.0,0.0,1000000.0,0.0
645,0.2,0.4000000000000001,0.0,0.0,1000000.0,0.0
646,0.2,0.4000000000000001,0.0,0.0,1000000.0,0.0
647,0.2,0.4000000000000001,0.0,0.0,1000000.0,0.0
648,0.2,0.4000000000000001,0.0,0.0,1000000.0,0.0
649,0.2,0.4000000000000001,0.0,0.0,1000000.0,0.0
650,0.2,0.4000000000000001,0.0,0.0,1000000.0,0.0
651,0.2,0.4000000000000001,0.0,0.0,1000000.0,0.0
652,0.2,0.4000000000000001,0.0,0.0,1000000.0,0.0
653,0.2,0.4000000000000001,0.0,0.0,1000000.0,0.0
654,0.2,0.4000000000000001,0.0,0.0,1000000.0,0.0
655,0.2,0.4000000000000001,0.0,0.0,1000000.0,0.0
656,0.2,0.4000000000000001,0.0,0.0,1000000.0,0.0
657,0.2,0.4000000000000001,0.0,0.0,1000000.0,0.0
658,0.2,0.4000000000000001,0.0,0.0,1000000.0,0.0
659,0.2,0.4000000000000001,0.0,0.0,1000000.0,0.0
660,0.2,0.4000000000000001,0.0,0.0,1000000.0,0.0
661,0.2,0.4000000000000001,0.0,0.0,1000000.0,0.0
662,0.2,0.4000000000000001,0.0,0.0,1000000.0,0.0
663,0.2,0.4000000000000001,0.0,0.0,1000000.0,0.0
664,0.2,0.4000000000000001,0.0,0.0,1000000.0,0.0
665,0.2,0.4000000000000001,0.0,0.0,1000000.0,0.0
666,0.2,0.4000000000000001,0.0,0.0,1000000.0,0.0
667,0.2,0.4000000000000001,0.0,0.0,1000000.0,0.0
668,0.2,0.4000000000000001,0.0,0.0,1000000.0,0.0
669,0.2,0.4000000000000001,0.0,0.0,1000000.0,0.0
670,0.2,0.4000000000000001,0.0,0.0,1000000.0,0.0
671,0.2,0.4000000000000001,0.0,0.0,1000000.0,0.0
672,0.2,0.4000000000000001,0.0,0.0,1000000.0,0.0
673,0.2,0.4000000000000001,0.0,0.0,1000000.0,0.0
674,0.2,0.4000000000000001,0.0,0.0,1000000.0,0.0
675,0.2,0.4000000000000001,0.0,0.0,1000000.0,0.0
676,0.2,0.4000000000000001,0.0,0.0,1000000.0,0.0
677,0.2,0.4000000000000001,0.0,0.0,1000000.0,0.0
678,0.2,0.4000000000000001,0.0,0.0,999999.9,0.30000000000000004
679,0.2,0.4000000000000001,0.0,0.0,1000000.0,0.0
680,0.2,0.4000000000000001,0.0,0.0,1000000.0,0.0
681,0.2,0.4000000000000001,0.0,0.0,1000000.0,0.0
682,0.2,0.4000000000000001,0.0,0.0,1000000.0,0.0
683,0.2,0.4000000000000001,0.0,0.0,1000000.0,0.0
684,0.2,0.4000000000000001,0.0,0.0,1000000.0,0.0
685,0.2,0.4000000000000001,0.0,0.0,1000000.0,0.0
686,0.2,0.4000000000000001,0.0,0.0,1000000.0,0.0
687,0.2,0.4000000000000001,0.0,0.0,1000000.0,0.0
688,0.2,0.4000000000000001,0.0,0.0,1000000.0,0.0
689,0.2,0.4000000000000001,0.0,0.0,1000000.0,0.0
690,0.2,0.4000000000000001,0.0,0.0,1000000.0,0.0
691,0.2,0.4000000000000001,0.0,0.0,1000000.0,0.0
692,0.2,0.4000000000000001,0.0,0.0,1000000.0,0.0
693,0.2,0.4000000000000001,0.0,0.0,1000000.0,0.0
694,0.2,0.4000000000000001,0.0,0.0,1000000.0,0.0
695,0.2,0.4000000000000001,0.0,0.0,1000000.0,0.0
696,0.2,0.4000000000000001,0.0,0.0,1000000.0,0.0
697,0.2,0.4000000000000001,0.0,0.0,1000000.0,0.0
698,0.2,0.4000000000000001,0.0,0.0,1000000.0,0.0
699,0.2,0.4000000000000001,0.0,0.0,1000000.0,0.0
700,0.2,0.4000000000000001,0.0,0.0,1000000.0,0.0
701,0.2,0.4000000000000001,0.0,0.0,1000000.0,0.0
702,0.2,0.4000000000000001,0.0,0.0,1000000.0,0.0
703,0.2,0.4000000000000001,0.0,0.0,1000000.0,0.0
704,0.2,0.4000000000000001,0.0,0.0,1000000.0,0.0
705,0.2,0.4000000000000001,0.0,0.0,1000000.0,0.0
706,0.2,0.4000000000000001,0.0,0.0,1000000.0,0.0
707,0.2,0.4000000000000001,0.0,0.0,1000000.0,0.0
708,0.2,0.4000000000000001,0.0,0.0,1000000.0,0.0
709,0.2,0.4000000000000001,0.0,0.0,1000000.0,0.0
710,0.2,0.4000000000000001,0.0,0.0,1000000.0,0.0
711,0.2,0.4000000000000001,0.0,0.0,1000000.0,0.0
712,0.2,0.4000000000000001,0.0,0.0,1000000.0,0.0
713,0.2,0.4000000000000001,0.0,0.0,1000000.0,0.0
714,0.2,0.4000000000000001,0.0,0.0,1000000.0,0.0
715,0.2,0.4000000000000001,0.0,0.0,1000000.0,0.0
716,0.2,0.4000000000000001,0.0,0.0,1000000.0,0.0
717,0.2,0.4000000000000001,0.0,0.0,1000000.0,0.0
718,0.2,0.4000000000000001,0.0,0.0,1000000.0,0.0
719,0.2,0.4000000000000001,0.0,0.0,1000000.0,0.0
720,0.2,0.4000000000000001,0.0,0.0,1000000.0,0.0
721,0.2,0.4000000000000001,0.0,0.0,1000000.0,0.0
722,0.2,0.4000000000000001,0.0,0.0,1000000.0,0.0
723,0.2,0.4000000000000001,0.0,0.0,1000000.0,0.0
724,0.2,0.4000000000000001,0.0,0.0,1000000.0,0.0
725,0.2,0.4000000000000001,0.0,0.0,1000000.0,0.0
726,0.2,0.4000000000000001,0.0,0.0,1000000.0,0.0
727,0.2,0.4000000000000001,0.0,0.0,1000000.0,0.0
728,0.2,0.4000000000000001,0.0,0.0,1000000.0,0.0
729,0.2,0.4000000000000001,0.0,0.0,1000000.0,0.0
730,0.2,0.4000000000000001,0.0,0.0,1000000.0,0.0
731,0.2,0.4000000000000001,0.0,0.0,1000000.0,0.0
732,0.2,0.4000000000000001,0.0,0.0,1000000.0,0.0
733,0.2,0.4000000000000001,0.0,0.0,1000000.0,0.0
734,0.2,0.4000000000000001,0.0,0.0,1000000.0,0.0
735,0.2,0.4000000000000001,0.0,0.0,1000000.0,0.0
736,0.2,0.4000000000000001,0.0,0.0,1000000.0,0.0
737,0.2,0.4000000000000001,0.0,0.0,1000000.0,0.0
738,0.2,0.4000000000000001,0.0,0.0,1000000.0,0.0
739,0.2,0.4000000000000001,0.0,0.0,1000000.0,0.0
740,0.2,0.4000000000000001,0.0,0.0,1000000.0,0.0
741,0.2,0.4000000000000001,0.0,0.0,1000000.0,0.0
742,0.2,0.4000000000000001,0.0,0.0,1000000.0,0.0
743,0.2,0.4000000000000001,0.0,0.0,1000000.0,0.0
744,0.2,0.4000000000000001,0.0,0.0,1000000.0,0.0
745,0.2,0.4000000000000001,0.0,0.0,1000000.0,0.0
746,0.2,0.4000000000000001,0.0,0.0,1000000.0,0.0
747,0.2,0.4000000000000001,0.0,0.0,1000000.0,0.0
748,0.2,0.4000000000000001,0.0,0.0,1000000.0,0.0
749,0.2,0.4000000000000001,0.0,0.0,1000000.0,0.0
750,0.2,0.4000000000000001,0.0,0.0,1000000.0,0.0
751,0.2,0.4000000000000001,0.0,0.0,1000000.0,0.0
752,0.2,0.4000000000000001,0.0,0.0,1000000.0,0.0
753,0.2,0.4000000000000001,0.0,0.0,1000000.0,0.0
754,0.2,0.4000000000000001,0.0,0.0,1000000.0,0.0
755,0.2,0.4000000000000001,0.0,0.0,1000000.0,0.0
756,0.2,0.4000000000000001,0.0,0.0,1000000.0,0.0
757,0.2,0.4000000000000001,0.0,0.0,1000000.0,0.0
758,0.2,0.4000000000000001,0.0,0.0,1000000.0,0.0
759,0.2,0.4000000000000001,0.0,0.0,1000000.0,0.0
760,0.2,0.4000000000000001,0.0,0.0,1000000.0,0.0
761,0.2,0.4000000000000001,0.0,0.0,1000000.0,0.0
762,0.2,0.4000000000000001,0.0,0.0,1000000.0,0.0
763,0.2,0.4000000000000001,0.0,0.0,1000000.0,0.0
764,0.2,0.4000000000000001,0.0,0.0,1000000.0,0.0
765,0.2,0.4000000000000001,0.0,0.0,1000000.0,0.0
766,0.2,0.4000000000000001,0.0,0.0,1000000.0,0.0
767,0.2,0.4000000000000001,0.0,0.0,1000000.0,0.0
768,0.2,0.4000000000000001,0.0,0.0,1000000.0,0.0
769,0.2,0.4000000000000001,0.0,0.0,1000000.0,0.0
770,0.2,0.4000000000000001,0.0,0.0,1000000.0,0.0
771,0.2,0.4000000000000001,0.0,0.0,1000000.0,0.0
772,0.2,0.4000000000000001,0.0,0.0,1000000.0,0.0
773,0.2,0.4000000000000001,0.0,0.0,1000000.0,0.0
774,0.2,0.4000000000000001,0.0,0.0,1000000.0,0.0
775,0.2,0.4000000000000001,0.0,0.0,1000000.0,0.0
776,0.2,0.4000000000000001,0.0,0.0,1000000.0,0.0
777,0.2,0.4000000000000001,0.0,0.0,1000000.0,0.0
778,0.2,0.4000000000000001,0.0,0.0,1000000.0,0.0
779,0.2,0.4000000000000001,0.0,0.0,1000000.0,0.0
780,0.2,0.4000000000000001,0.0,0.0,1000000.0,0.0
781,0.2,0.4000000000000001,0.0,0.0,1000000.0,0.0
782,0.2,0.4000000000000001,0.0,0.0,1000000.0,0.0
783,0.2,0.4000000000000001,0.0,0.0,1000000.0,0.0
784,0.2,0.4000000000000001,0.0,0.0,1000000.0,0.0
785,0.2,0.4000000000000001,0.0,0.0,1000000.0,0.0
786,0.2,0.4000000000000001,0.0,0.0,1000000.0,0.0
787,0.2,0.4000000000000001,0.0,0.0,1000000.0,0.0
788,0.2,0.4000000000000001,0.0,0.0,1000000.0,0.0
789,0.2,0.4000000000000001,0.0,0.0,1000000.0,0.0
790,0.2,0.4000000000000001,0.0,0.0,1000000.0,0.0
791,0.2,0.4000000000000001,0.0,0.0,1000000.0,0.0
792,0.2,0.4000000000000001,0.0,0.0,1000000.0,0.0
793,0.2,0.4000000000000001,0.0,0.0,1000000.0,0.0
794,0.3,0.6403124237432848,0.0,0.0,1000000.0,0.0
795,0.3,0.6403124237432848,0.0,0.0,1000000.0,0.0
796,0.3,0.6403124237432848,0.0,0.0,1000000.0,0.0
797,0.3,0.6403124237432848,0.0,0.0,1000000.0,0.0
798,0.3,0.6403124237432848,0.0,0.0,1000000.0,0.0
799,0.3,0.6403124237432848,0.0,0.0,1000000.0,0.0
800,0.3,0.6403124237432848,0.0,0.0,1000000.0,0.0
801,0.3,0.6403124237432848,0.0,0.0,1000000.0,0.0
802,0.3,0.6403124237432848,0.0,0.0,1000000.0,0.0
803,0.3,0.6403124237432848,0.0,0.0,1000000.0,0.0
804,0.3,0.6403124237432848,0.0,0.0,1000000.0,0.0
805,0.3,0.6403124237432848,0.0,0.0,1000000.0,0.0
806,0.3,0.6403124237432848,0.0,0.0,1000000.0,0.0
807,0.5,0.6708203932499369,0.0,0.0,1000000.0,0.0
808,0.5,0.6708203932499369,0.0,0.0,1000000.0,0.0
809,0.5,0.6708203932499369,0.0,0.0,1000000.0,0.0
810,0.5,0.6708203932499369,0.0,0.0,1000000.0,0.0
811,0.5,0.6708203932499369,0.0,0.0,1000000.0,0.0
812,0.5,0.6708203932499369,0.0,0.0,1000000.0,0.0
813,0.5,0.6708203932499369,0.0,0.0,1000000.0,0.0
814,0.5,0.6708203932499369,0.0,0.0,1000000.0,0.0
815,0.5,0.6708203932499369,0.0,0.0,1000000.0,0.0
816,0.5,0.6708203932499369,0.0,0.0,1000000.0,0.0
817,0.5,0.6708203932499369,0.0,0.0,1000000.0,0.0
818,0.5,0.6708203932499369,0.0,0.0,1000000.0,0.0
819,0.5,0.6708203932499369,0.0,0.0,1000000.0,0.0
820,0.5,0.6708203932499369,0.0,0.0,1000000.0,0.0
821,0.5,0.6708203932499369,0.0,0.0,1000000.0,0.0
822,0.5,0.6708203932499369,0.0,0.0,1000000.0,0.0
823,0.5,0.6708203932499369,0.0,0.0,1000000.0,0.0
824,0.5,0.6708203932499369,0.0,0.0,1000000.0,0.0
825,0.5,0.6708203932499369,0.0,0.0,1000000.0,0.0
826,0.5,0.6708203932499369,0.0,0.0,1000000.0,0.0
827,0.5,0.6708203932499369,0.0,0.0,1000000.0,0.0
828,0.5,0.6708203932499369,0.0,0.0,1000000.0,0.0
829,0.5,0.6708203932499369,0.0,0.0,1000000.0,0.0
830,0.5,0.6708203932499369,0.0,0.0,1000000.0,0.0
831,0.5,0.6708203932499369,0.0,0.0,1000000.0,0.0
832,0.5,0.6708203932499369,0.0,0.0,1000000.0,0.0
833,0.5,0.6708203932499369,0.0,0.0,1000000.0,0.0
834,0.5,0.6708203932499369,0.0,0.0,1000000.0,0.0
835,0.5,0.6708203932499369,0.0,0.0,1000000.0,0.0
836,0.5,0.6708203932499369,0.0,0.0,1000000.0,0.0
837,0.5,0.6708203932499369,0.0,0.0,1000000.0,0.0
838,0.5,0.6708203932499369,0.0,0.0,1000000.0,0.0
839,0.5,0.6708203932499369,0.0,0.0,1000000.0,0.0
840,0.5,0.6708203932499369,0.0,0.0,1000000.0,0.0
841,0.5,0.6708203932499369,0.0,0.0,1000000.0,0.0
842,0.5,0.6708203932499369,0.0,0.0,1000000.0,0.0
843,0.5,0.6708203932499369,0.0,0.0,1000000.0,0.0
844,0.5,0.6708203932499369,0.0,0.0,1000000.0,0.0
845,0.5,0.6708203932499369,0.0,0.0,1000000.0,0.0
846,0.5,0.6708203932499369,0.0,0.0,1000000.0,0.0
847,0.5,0.6708203932499369,0.0,0.0,1000000.0,0.0
848,0.5,0.6708203932499369,0.0,0.0,1000000.0,0.0
849,0.5,0.6708203932499369,0.0,0.0,1000000.0,0.0
850,0.5,0.6708203932499369,0.0,0.0,1000000.0,0.0
851,0.5,0.6708203932499369,0.0,0.0,1000000.0,0.0
852,0.5,0.6708203932499369,0.0,0.0,1000000.0,0.0
853,0.5,0.6708203932499369,0.0,0.0,1000000.0,0.0
854,0.5,0.6708203932499369,0.0,0.0,1000000.0,0.0
855,0.5,0.6708203932499369,0.0,0.0,1000000.0,0.0
856,0.5,0.6708203932499369,0.0,0.0,1000000.0,0.0
857,0.5,0.6708203932499369,0.0,0.0,1000000.0,0.0
858,0.5,0.6708203932499369,0.0,0.0,1000000.0,0.0
859,0.5,0.6708203932499369,0.0,0.0,1000000.0,0.0
860,0.5,0.6708203932499369,0.0,0.0,1000000.0,0.0
861,0.5,0.6708203932499369,0.0,0.0,1000000.0,0.0
862,0.5,0.6708203932499369,0.0,0.0,1000000.0,0.0
863,0.5,0.6708203932499369,0.0,0.0,1000000.0,0.0
864,0.5,0.6708203932499369,0.0,0.0,1000000.0,0.0
865,0.5,0.6708203932499369,0.0,0.0,1000000.0,0.0
866,0.5,0.6708203932499369,0.0,0.0,1000000.0,0.0
867,0.5,0.6708203932499369,0.0,0.0,1000000.0,0.0
868,0.5,0.6708203932499369,0.0,0.0,1000000.0,0.0
869,0.5,0.6708203932499369,0.0,0.0,1000000.0,0.0
870,0.5,0.6708203932499369,0.0,0.0,1000000.0,0.0
871,0.5,0.6708203932499369,0.0,0.0,1000000.0,0.0
872,0.5,0.6708203932499369,0.0,0.0,1000000.0,0.0
873,0.5,0.6708203932499369,0.0,0.0,1000000.0,0.0
874,0.5,0.6708203932499369,0.0,0.0,1000000.0,0.0
875,0.5,0.6708203932499369,0.0,0.0,1000000.0,0.0
876,0.5,0.6708203932499369,0.0,0.0,1000000.0,0.0
877,0.5,0.6708203932499369,0.0,0.0,1000000.0,0.0
878,0.5,0.6708203932499369,0.0,0.0,1000000.0,0.0
879,0.5,0.6708203932499369,0.0,0.0,1000000.0,0.0
880,0.5,0.6708203932499369,0.0,0.0,1000000.0,0.0
881,0.5,0.6708203932499369,0.0,0.0,999999.9,0.30000000000000004
882,0.5,0.6708203932499369,0.0,0.0,1000000.0,0.0
883,0.5,0.6708203932499369,0.0,0.0,1000000.0,0.0
884,0.5,0.6708203932499369,0.0,0.0,1000000.0,0.0
885,0.5,0.6708203932499369,0.0,0.0,1000000.0,0.0
886,0.5,0.6708203932499369,0.0,0.0,1000000.0,0.0
887,0.5,0.6708203932499369,0.0,0.0,1000000.0,0.0
888,0.5,0.6708203932499369,0.0,0.0,1000000.0,0.0
889,0.5,0.6708203932499369,0.0,0.0,1000000.0,0.0
890,0.5,0.6708203932499369,0.0,0.0,1000000.0,0.0
891,0.5,0.6708203932499369,0.0,0.0,1000000.0,0.0
892,0.5,0.6708203932499369,0.0,0.0,1000000.0,0.0
893,0.5,0.6708203932499369,0.0,0.0,1000000.0,0.0
894,0.5,0.6708203932499369,0.0,0.0,1000000.0,0.0
895,0.5,0.6708203932499369,0.0,0.0,1000000.0,0.0
896,0.5,0.6708203932499369,0.0,0.0,1000000.0,0.0
897,0.5,0.6708203932499369,0.0,0.0,1000000.0,0.0
898,0.5,0.6708203932499369,0.0,0.0,1000000.0,0.0
899,0.5,0.6708203932499369,0.0,0.0,1000000.0,0.0
900,0.5,0.6708203932499369,0.0,0.0,1000000.0,0.0
901,0.5,0.6708203932499369,0.0,0.0,1000000.0,0.0
902,0.5,0.6708203932499369,0.0,0.0,1000000.0,0.0
903,0.5,0.6708203932499369,0.0,0.0,1000000.0,0.0
904,0.5,0.6708203932499369,0.0,0.0,1000000.0,0.0
905,0.5,0.6708203932499369,0.0,0.0,1000000.0,0.0
906,0.5,0.6708203932499369,0.0,0.0,1000000.0,0.0
907,0.5,0.6708203932499369,0.0,0.0,1000000.0,0.0
908,0.5,0.6708203932499369,0.0,0.0,1000000.0,0.0
909,0.5,0.6708203932499369,0.0,0.0,1000000.0,0.0
910,0.5,0.6708203932499369,0.0,0.0,1000000.0,0.0
911,0.5,0.6708203932499369,0.0,0.0,1000000.0,0.0
912,0.5,0.6708203932499369,0.0,0.0,1000000.0,0.0
913,0.5,0.6708203932499369,0.0,0.0,1000000.0,0.0
914,0.5,0.6708203932499369,0.0,0.0,1000000.0,0.0
915,0.5,0.6708203932499369,0.0,0.0,1000000.0,0.0
916,0.5,0.6708203932499369,0.0,0.0,1000000.0,0.0
917,0.5,0.6708203932499369,0.0,0.0,1000000.0,0.0
918,0.5,0.6708203932499369,0.0,0.0,1000000.0,0.0
919,0.5,0.6708203932499369,0.0,0.0,1000000.0,0.0
920,0.5,0.6708203932499369,0.0,0.0,1000000.0,0.0
921,0.5,0.6708203932499369,0.0,0.0,1000000.0,0.0
922,0.5,0.6708203932499369,0.0,0.0,1000000.0,0.0
923,0.5,0.6708203932499369,0.0,0.0,1000000.0,0.0
924,0.5,0.6708203932499369,0.0,0.0,1000000.0,0.0
925,0.5,0.6708203932499369,0.0,0.0,1000000.0,0.0
926,0.5,0.6708203932499369,0.0,0.0,1000000.0,0.0
927,0.5,0.6708203932499369,0.0,0.0,1000000.0,0.0
928,0.5,0.6708203932499369,0.0,0.0,1000000.0,0.0
929,0.5,0.6708203932499369,0.0,0.0,1000000.0,0.0
930,0.5,0.6708203932499369,0.0,0.0,1000000.0,0.0
931,0.5,0.6708203932499369,0.0,0.0,1000000.0,0.0
932,0.5,0.6708203932499369,0.0,0.0,1000000.0,0.0
933,0.5,0.6708203932499369,0.0,0.0,1000000.0,0.0
934,0.5,0.6708203932499369,0.0,0.0,1000000.0,0.0
935,0.5,0.6708203932499369,0.0,0.0,1000000.0,0.0
936,0.5,0.6708203932499369,0.0,0.0,1000000.0,0.0
937,0.5,0.6708203932499369,0.0,0.0,1000000.0,0.0
938,0.5,0.6708203932499369,0.0,0.0,1000000.0,0.0
939,0.5,0.6708203932499369,0.0,0.0,1000000.0,0.0
940,0.5,0.6708203932499369,0.0,0.0,1000000.0,0.0
941,0.5,0.6708203932499369,0.0,0.0,1000000.0,0.0
942,0.6,0.66332495807108,0.0,0.0,1000000.0,0.0
943,0.6,0.66332495807108,0.0,0.0,1000000.0,0.0
944,0.6,0.66332495807108,0.0,0.0,1000000.0,0.0
945,0.6,0.66332495807108,0.0,0.0,1000000.0,0.0
946,0.6,0.66332495807108,0.0,0.0,1000000.0,0.0
947,0.6,0.66332495807108,0.0,0.0,1000000.0,0.0
948,0.6,0.66332495807108,0.0,0.0,1000000.0,0.0
949,0.6,0.66332495807108,0.0,0.0,1000000.0,0.0
950,0.6,0.66332495807108,0.0,0.0,1000000.0,0.0
951,0.6,0.66332495807108,0.0,0.0,1000000.0,0.0
952,0.6,0.66332495807108,0.0,0.0,1000000.0,0.0
953,0.6,0.66332495807108,0.0,0.0,1000000.0,0.0
954,0.6,0.66332495807108,0.0,0.0,1000000.0,0.0
955,0.6,0.66332495807108,0.0,0.0,1000000.0,0.0
956,0.6,0.66332495807108,0.0,0.0,1000000.0,0.0
957,0.6,0.66332495807108,0.0,0.0,1000000.0,0.0
958,0.6,0.66332495807108,0.0,0.0,1000000.0,0.0
959,0.6,0.66332495807108,0.0,0.0,1000000.0,0.0
960,0.6,0.66332495807108,0.0,0.0,1000000.0,0.0
961,0.6,0.66332495807108,0.0,0.0,1000000.0,0.0
962,0.6,0.66332495807108,0.0,0.0,1000000.0,0.0
963,0.6,0.66332495807108,0.0,0.0,1000000.0,0.0
964,0.6,0.66332495807108,0.0,0.0,1000000.0,0.0
965,0.6,0.66332495807108,0.0,0.0,1000000.0,0.0
966,0.6,0.66332495807108,0.0,0.0,1000000.0,0.0
967,0.6,0.66332495807108,0.0,0.0,1000000.0,0.0
968,0.6,0.66332495807108,0.0,0.0,1000000.0,0.0
969,0.6,0.66332495807108,0.0,0.0,1000000.0,0.0
970,0.6,0.66332495807108,0.0,0.0,1000000.0,0.0
971,0.6,0.66332495807108,0.0,0.0,1000000.0,0.0
972,0.6,0.66332495807108,0.0,0.0,1000000.0,0.0
973,0.6,0.66332495807108,0.0,0.0,1000000.0,0.0
974,0.6,0.66332495807108,0.0,0.0,1000000.0,0.0
975,0.6,0.66332495807108,0.0,0.0,1000000.0,0.0
976,0.6,0.66332495807108,0.0,0.0,1000000.0,0.0
977,0.6,0.66332495807108,0.0,0.0,1000000.0,0.0
978,0.6,0.66332495807108,0.0,0.0,1000000.0,0.0
979,0.6,0.66332495807108,0.0,0.0,1000000.0,0.0
980,0.6,0.66332495807108,0.0,0.0,1000000.0,0.0
981,0.6,0.66332495807108,0.0,0.0,1000000.0,0.0
982,0.6,0.66332495807108,0.0,0.0,1000000.0,0.0
983,0.6,0.66332495807108,0.0,0.0,1000000.0,0.0
984,0.6,0.66332495807108,0.0,0.0,1000000.0,0.0
985,0.6,0.66332495807108,0.0,0.0,1000000.0,0.0
986,0.6,0.66332495807108,0.0,0.0,1000000.0,0.0
987,0.6,0.66332495807108,0.0,0.0,1000000.0,0.0
988,0.6,0.66332495807108,0.0,0.0,1000000.0,0.0
989,0.6,0.66332495807108,0.0,0.0,1000000.0,0.0
990,0.6,0.66332495807108,0.0,0.0,1000000.0,0.0
991,0.6,0.66332495807108,0.0,0.0,1000000.0,0.0
992,0.6,0.66332495807108,0.0,0.0,1000000.0,0.0
993,0.6,0.66332495807108,0.0,0.0,1000000.0,0.0
994,0.6,0.66332495807108,0.0,0.0,1000000.0,0.0
995,0.6,0.66332495807108,0.0,0.0,1000000.0,0.0
996,0.6,0.66332495807108,0.0,0.0,1000000.0,0.0
997,0.6,0.66332495807108,0.0,0.0,1000000.0,0.0
998,0.6,0.66332495807108,0.0,0.0,1000000.0,0.0
999,0.6,0.66332495807108,0.0,0.0,1000000.0,0.0
1000,0.6,0.66332495807108,0.0,0.0,1000000.0,0.0
1001,0.6,0.66332495807108,0.0,0.0,1000000.0,0.0
1002,0.6,0.66332495807108,0.0,0.0,1000000.0,0.0
1003,0.6,0.66332495807108,0.0,0.0,1000000.0,0.0
1004,0.6,0.66332495807108,0.0,0.0,1000000.0,0.0
1005,0.6,0.66332495807108,0.0,0.0,1000000.0,0.0
1006,0.6,0.66332495807108,0.0,0.0,1000000.0,0.0
1007,0.6,0.66332495807108,0.0,0.0,1000000.0,0.0
1008,0.6,0.66332495807108,0.0,0.0,1000000.0,0.0
1009,0.6,0.66332495807108,0.0,0.0,1000000.0,0.0
1010,0.6,0.66332495807108,0.0,0.0,1000000.0,0.0
1011,0.6,0.66332495807108,0.0,0.0,1000000.0,0.0
1012,0.6,0.66332495807108,0.0,0.0,1000000.0,0.0
1013,0.6,0.66332495807108,0.0,0.0,1000000.0,0.0
1014,0.6,0.66332495807108,0.0,0.0,1000000.0,0.0
1015,0.6,0.66332495807108,0.0,0.0,1000000.0,0.0
1016,0.6,0.66332495807108,0.0,0.0,999999.9,0.3
1017,0.6,0.66332495807108,0.0,0.0,1000000.0,0.0
1018,0.6,0.66332495807108,0.0,0.0,1000000.0,0.0
1019,0.6,0.66332495807108,0.0,0.0,1000000.0,0.0
1020,0.6,0.66332495807108,0.0,0.0,1000000.0,0.0
1021,0.6,0.66332495807108,0.0,0.0,1000000.0,0.0
1022,0.6,0.66332495807108,0.0,0.0,1000000.0,0.0
1023,0.6,0.66332495807108,0.0,0.0,1000000.0,0.0
1024,0.6,0.66332495807108,0.0,0.0,1000000.0,0.0
1025,0.6,0.66332495807108,0.0,0.0,1000000.0,0.0
1026,0.6,0.66332495807108,0.0,0.0,1000000.0,0.0
1027,0.6,0.66332495807108,0.0,0.0,1000000.0,0.0
1028,0.6,0.66332495807108,0.0,0.0,1000000.0,0.0
1029,0.6,0.66332495807108,0.0,0.0,1000000.0,0.0
1030,0.6,0.66332495807108,0.0,0.0,1000000.0,0.0
1031,0.6,0.66332495807108,0.0,0.0,1000000.0,0.0
1032,0.6,0.66332495807108,0.0,0.0,1000000.0,0.0
1033,0.6,0.66332495807108,0.0,0.0,1000000.0,0.0
1034,0.7,0.6403124237432848,0.0,0.0,1000000.0,0.0
1035,0.7,0.6403124237432848,0.0,0.0,1000000.0,0.0
1036,0.7,0.6403124237432848,0.0,0.0,1000000.0,0.0
1037,0.7,0.6403124237432848,0.0,0.0,1000000.0,0.0
1038,0.7,0.6403124237432848,0.0,0.0,1000000.0,0.0
1039,0.7,0.6403124237432848,0.0,0.0,1000000.0,0.0
1040,0.7,0.6403124237432848,0.0,0.0,1000000.0,0.0
1041,0.7,0.6403124237432848,0.0,0.0,1000000.0,0.0
1042,0.7,0.6403124237432848,0.0,0.0,1000000.0,0.0
1043,0.7,0.6403124237432848,0.0,0.0,1000000.0,0.0
1044,0.7,0.6403124237432848,0.0,0.0,1000000.0,0.0
1045,0.7,0.6403124237432848,0.0,0.0,1000000.0,0.0
1046,0.7,0.6403124237432848,0.0,0.0,1000000.0,0.0
1047,0.7,0.6403124237432848,0.0,0.0,1000000.0,0.0
1048,0.7,0.6403124237432848,0.0,0.0,1000000.0,0.0
1049,0.7,0.6403124237432848,0.0,0.0,1000000.0,0.0
1050,0.7,0.6403124237432848,0.0,0.0,1000000.0,0.0
1051,0.7,0.6403124237432848,0.0,0.0,1000000.0,0.0
1052,0.7,0.6403124237432848,0.0,0.0,1000000.0,0.0
1053,0.7,0.6403124237432848,0.0,0.0,1000000.0,0.0
1054,0.7,0.6403124237432848,0.0,0.0,1000000.0,0.0
1055,0.7,0.6403124237432848,0.0,0.0,1000000.0,0.0
1056,0.7,0.6403124237432848,0.0,0.0,1000000.0,0.0
1057,0.7,0.6403124237432848,0.0,0.0,1000000.0,0.0
1058,0.7,0.6403124237432848,0.0,0.0,1000000.0,0.0
1059,0.7,0.6403124237432848,0.0,0.0,1000000.0,0.0
1060,0.7,0.6403124237432848,0.0,0.0,1000000.0,0.0
1061,0.7,0.6403124237432848,0.0,0.0,1000000.0,0.0
1062,0.7,0.6403124237432848,0.0,0.0,1000000.0,0.0
1063,0.7,0.6403124237432848,0.0,0.0,1000000.0,0.0
1064,0.7,0.6403124237432848,0.0,0.0,1000000.0,0.0
1065,0.7,0.6403124237432848,0.0,0.0,1000000.0,0.0
1066,0.7,0.6403124237432848,0.0,0.0,1000000.0,0.0
1067,0.7,0.6403124237432848,0.0,0.0,1000000.0,0.0
1068,0.7,0.6403124237432848,0.0,0.0,1000000.0,0.0
1069,0.7,0.6403124237432848,0.0,0.0,1000000.0,0.0
1070,0.7,0.6403124237432848,0.0,0.0,1000000.0,0.0
1071,0.7,0.6403124237432848,0.0,0.0,1000000.0,0.0
1072,0.7,0.6403124237432848,0.0,0.0,1000000.0,0.0
1073,0.7,0.6403124237432848,0.0,0.0,1000000.0,0.0
1074,0.7,0.6403124237432848,0.0,0.0,1000000.0,0.0
1075,0.7,0.6403124237432848,0.0,0.0,1000000.0,0.0
1076,0.7,0.6403124237432848,0.0,0.0,1000000.0,0.0
1077,0.7,0.6403124237432848,0.0,0.0,1000000.0,0.0
1078,0.7,0.6403124237432848,0.0,0.0,1000000.0,0.0
1079,0.7,0.6403124237432848,0.0,0.0,1000000.0,0.0
1080,0.7,0.6403124237432848,0.0,0.0,1000000.0,0.0
1081,0.7,0.6403124237432848,0.0,0.0,1000000.0,0.0
1082,0.7,0.6403124237432848,0.0,0.0,1000000.0,0.0
1083,0.7,0.6403124237432848,0.0,0.0,1000000.0,0.0
1084,0.7,0.6403124237432848,0.0,0.0,1000000.0,0.0
1085,0.7,0.6403124237432848,0.0,0.0,1000000.0,0.0
1086,0.7,0.6403124237432848,0.0,0.0,1000000.0,0.0
1087,0.7,0.6403124237432848,0.0,0.0,1000000.0,0.0
1088,0.7,0.6403124237432848,0.0,0.0,1000000.0,0.0
1089,0.7,0.6403124237432848,0.0,0.0,1000000.0,0.0
1090,0.7,0.6403124237432848,0.0,0.0,1000000.0,0.0
1091,0.7,0.6403124237432848,0.0,0.0,1000000.0,0.0
1092,0.7,0.6403124237432848,0.0,0.0,1000000.0,0.0
1093,0.7,0.6403124237432848,0.0,0.0,1000000.0,0.0
1094,0.7,0.6403124237432848,0.0,0.0,1000000.0,0.0
