region,biweek,mean,sd,q10,q50,q90
R0_metro,0,113.0,15.349267083479914,100.0,111.0,128.0
R0_metro,1,219.72727272727272,49.108229267793625,182.0,202.0,296.0
R0_metro,2,328.72727272727275,80.48986384519594,243.0,308.0,402.0
R0_metro,3,416.90909090909093,89.82811869949693,307.0,433.0,535.0
R0_metro,4,494.09090909090907,90.21358494756157,408.0,485.0,612.0
R0_metro,5,631.4545454545455,104.43310168367465,549.0,642.0,718.0
R0_metro,6,716.8181818181819,137.27914494330025,557.0,722.0,876.0
R0_metro,7,842.0,194.99384605674098,595.0,867.0,1048.0
R0_metro,8,1038.090909090909,230.66358817353665,734.0,1043.0,1304.0
R0_metro,9,999.5454545454545,177.53949624596981,768.0,1008.0,1114.0
R0_metro,10,1072.2727272727273,160.26733348320911,866.0,1064.0,1234.0
R0_metro,11,962.0909090909091,143.51686628787192,795.0,968.0,1167.0
R0_metro,12,894.1818181818181,121.90145050967865,824.0,877.0,972.0
R0_metro,13,789.6363636363636,106.12094301057896,636.0,798.0,930.0
R0_metro,14,701.8181818181819,100.81152531513267,580.0,684.0,825.0
R0_metro,15,626.2727272727273,90.0745146077301,572.0,632.0,730.0
R0_metro,16,498.6363636363636,81.71691713136605,390.0,524.0,578.0
R0_metro,17,478.8181818181818,103.67431522013366,360.0,488.0,608.0
R0_metro,18,387.45454545454544,85.36669565628463,317.0,382.0,466.0
R0_metro,19,323.45454545454544,64.60706406634438,266.0,309.0,412.0
R0_metro,20,334.6363636363636,39.61634189895056,305.0,329.0,396.0
R0_metro,21,319.72727272727275,58.665306458060726,250.0,334.0,391.0
R0_metro,22,363.09090909090907,71.43452183007113,274.0,339.0,444.0
R0_metro,23,358.1818181818182,73.0202960577649,276.0,359.0,456.0
R0_metro,24,349.6363636363636,31.607824117685563,310.0,362.0,373.0
R0_metro,25,416.6363636363636,41.265658185161,361.0,433.0,460.0
R0_metro,26,413.54545454545456,50.02472116136909,363.0,389.0,497.0
R0_metro,27,424.6363636363636,73.86781806344726,324.0,451.0,494.0
R0_metro,28,422.90909090909093,74.78830730195001,338.0,432.0,523.0
R0_metro,29,483.0,92.61209424259879,384.0,489.0,598.0
R0_metro,30,489.90909090909093,100.28803971107874,426.0,466.0,598.0
R0_metro,31,511.3636363636364,91.91329906740671,423.0,511.0,668.0
R0_metro,32,563.0909090909091,128.52272526324248,444.0,569.0,682.0
R0_metro,33,588.5454545454545,155.73462276344566,475.0,520.0,741.0
R0_metro,34,680.3636363636364,160.36413110622505,460.0,725.0,845.0
R0_metro,35,788.5454545454545,176.53065662165517,579.0,779.0,1003.0
R0_metro,36,748.6363636363636,145.3356616438462,647.0,756.0,891.0
R0_metro,37,822.5454545454545,166.3294102895598,720.0,850.0,1029.0
R0_metro,38,868.7272727272727,172.72700478448118,694.0,876.0,1062.0
R0_metro,39,777.5454545454545,179.7617109600171,645.0,735.0,968.0
R0_metro,40,740.0,160.06373730486237,587.0,709.0,918.0
R0_metro,41,603.6363636363636,110.02388170508505,484.0,604.0,753.0
R0_metro,42,511.90909090909093,82.62863250163898,431.0,498.0,611.0
R0_metro,43,434.3636363636364,65.01887837739548,366.0,436.0,486.0
R0_metro,44,326.90909090909093,72.99651299268284,262.0,297.0,401.0
R0_metro,45,298.54545454545456,61.639863134766344,216.0,298.0,352.0
R0_metro,46,288.6363636363636,53.38777524353816,216.0,285.0,337.0
R0_metro,47,294.27272727272725,41.56462656897307,239.0,311.0,336.0
R0_metro,48,281.0,25.585151944047556,262.0,270.0,329.0
R0_metro,49,303.0,64.78117010366515,222.0,297.0,373.0
R0_metro,50,309.54545454545456,49.5103295007489,253.0,319.0,363.0
R0_metro,51,344.72727272727275,51.20564599551677,278.0,350.0,397.0
R0_metro,52,387.8181818181818,95.03980027527223,300.0,356.0,515.0
R0_metro,53,422.8181818181818,86.99519317964435,348.0,423.0,527.0
R0_metro,54,416.90909090909093,94.16310800462625,322.0,429.0,537.0
R0_metro,55,451.27272727272725,130.071588680304,326.0,429.0,590.0
R0_metro,56,446.1818181818182,114.71949980872316,358.0,439.0,519.0
R0_metro,57,484.72727272727275,141.0908153701657,380.0,465.0,589.0
R0_metro,58,527.2727272727273,141.31743764241617,325.0,557.0,632.0
R0_metro,59,606.0909090909091,121.60465003070776,444.0,637.0,706.0
R0_metro,60,681.3636363636364,101.97281277602646,559.0,691.0,778.0
R0_metro,61,794.8181818181819,126.46961546697149,646.0,787.0,945.0
R0_metro,62,744.6363636363636,158.32578610401575,539.0,753.0,917.0
R0_metro,63,815.9090909090909,144.00448225347333,648.0,802.0,934.0
R0_metro,64,799.2727272727273,143.07976160805617,590.0,805.0,961.0
R0_metro,65,739.6363636363636,128.96609843464498,625.0,749.0,863.0
R0_metro,66,639.0909090909091,108.15678854834267,537.0,659.0,764.0
R0_metro,67,531.3636363636364,97.27926061321881,382.0,550.0,577.0
R0_metro,68,479.54545454545456,63.52851900739326,424.0,459.0,543.0
R0_metro,69,448.3636363636364,56.47879730885339,378.0,444.0,517.0
R0_metro,70,396.54545454545456,63.887970129537905,341.0,369.0,489.0
R0_metro,71,332.0,40.44502441586604,269.0,324.0,378.0
R0_metro,72,315.8181818181818,59.50095491976272,245.0,337.0,354.0
R0_metro,73,328.6363636363636,61.237688929731384,279.0,313.0,402.0
R0_metro,74,326.27272727272725,72.13888120714226,241.0,333.0,436.0
R0_metro,75,361.8181818181818,74.58125526138345,266.0,347.0,458.0
R0_metro,76,402.3636363636364,111.93593947188967,307.0,388.0,491.0
R0_metro,77,456.27272727272725,125.30130957742692,329.0,457.0,563.0
R0_metro,78,104.27272727272727,31.311630136710892,72.0,108.0,150.0
R1_nw,0,3.909090909090909,4.060900034587049,0.0,5.0,8.0
R1_nw,1,20.454545454545453,17.299500781026236,4.0,16.0,47.0
R1_nw,2,26.636363636363637,28.20025789695097,0.0,23.0,49.0
R1_nw,3,40.45454545454545,27.019858017257,11.0,38.0,63.0
R1_nw,4,62.72727272727273,44.855525655354676,16.0,52.0,103.0
R1_nw,5,67.27272727272727,40.99290404226299,14.0,79.0,104.0
R1_nw,6,60.0,32.224214497796524,20.0,70.0,96.0
R1_nw,7,47.18181818181818,27.838168696299622,16.0,43.0,82.0
R1_nw,8,63.09090909090909,29.95815263147761,38.0,59.0,101.0
R1_nw,9,89.54545454545455,49.49416861886587,34.0,112.0,127.0
R1_nw,10,85.0909090909091,55.289157247067074,20.0,73.0,159.0
R1_nw,11,79.36363636363636,40.23250607971799,44.0,80.0,136.0
R1_nw,12,78.54545454545455,54.73456611020797,15.0,70.0,165.0
R1_nw,13,63.90909090909091,31.948253615665898,32.0,60.0,96.0
R1_nw,14,47.09090909090909,23.517884877065562,19.0,45.0,73.0
R1_nw,15,44.81818181818182,25.206420538498445,14.0,45.0,76.0
R1_nw,16,39.27272727272727,32.94568532931409,5.0,30.0,94.0
R1_nw,17,33.63636363636363,25.543189805788654,11.0,29.0,59.0
R1_nw,18,33.72727272727273,16.912072073468167,15.0,38.0,50.0
R1_nw,19,22.09090909090909,24.184517962756857,2.0,10.0,52.0
R1_nw,20,22.272727272727273,12.554607991418203,10.0,24.0,35.0
R1_nw,21,21.90909090909091,8.431542509583231,12.0,21.0,29.0
R1_nw,22,29.818181818181817,16.827466724484598,12.0,29.0,50.0
R1_nw,23,30.272727272727273,26.226287991596937,11.0,20.0,53.0
R1_nw,24,29.545454545454547,25.073346949953198,1.0,22.0,61.0
R1_nw,25,30.545454545454547,21.584085045994588,11.0,26.0,55.0
R1_nw,26,38.45454545454545,34.71127665864117,5.0,32.0,92.0
R1_nw,27,52.09090909090909,41.04254998280332,19.0,37.0,106.0
R1_nw,28,57.18181818181818,34.75289392789666,19.0,56.0,94.0
R1_nw,29,63.72727272727273,47.62371448992804,11.0,59.0,122.0
R1_nw,30,67.63636363636364,43.29497136451929,18.0,68.0,113.0
R1_nw,31,70.0909090909091,30.064778547178907,38.0,69.0,101.0
R1_nw,32,71.18181818181819,29.040723757572508,38.0,76.0,105.0
R1_nw,33,74.81818181818181,39.458378531861094,36.0,85.0,125.0
R1_nw,34,80.9090909090909,58.14026925540429,16.0,83.0,166.0
R1_nw,35,65.0,45.29459128858544,22.0,56.0,99.0
R1_nw,36,76.63636363636364,40.6159395490803,37.0,71.0,116.0
R1_nw,37,79.0909090909091,24.570122284817973,37.0,83.0,108.0
R1_nw,38,81.18181818181819,36.82069576153656,47.0,78.0,122.0
R1_nw,39,71.0,42.116505078175706,29.0,60.0,127.0
R1_nw,40,68.0,58.511537323847506,19.0,30.0,133.0
R1_nw,41,63.45454545454545,56.420499176032884,16.0,52.0,113.0
R1_nw,42,60.0,45.976080737705345,13.0,47.0,121.0
R1_nw,43,49.27272727272727,22.468159288606216,24.0,45.0,73.0
R1_nw,44,27.454545454545453,28.015580080960795,1.0,24.0,60.0
R1_nw,45,27.545454545454547,18.864589242088663,0.0,27.0,49.0
R1_nw,46,26.818181818181817,17.775365998021993,5.0,31.0,42.0
R1_nw,47,26.545454545454547,11.596237634367764,13.0,26.0,38.0
R1_nw,48,27.272727272727273,7.212363123011889,20.0,27.0,30.0
R1_nw,49,30.818181818181817,20.88931871468374,8.0,31.0,58.0
R1_nw,50,32.36363636363637,15.705239426845596,16.0,27.0,54.0
R1_nw,51,40.63636363636363,29.330096240117342,10.0,39.0,88.0
R1_nw,52,49.81818181818182,33.62385516807429,7.0,51.0,86.0
R1_nw,53,65.27272727272727,44.57822542248829,2.0,66.0,109.0
R1_nw,54,71.45454545454545,39.888252998504804,16.0,74.0,115.0
R1_nw,55,66.81818181818181,38.64923849655561,24.0,66.0,121.0
R1_nw,56,59.90909090909091,23.985222723395943,29.0,67.0,83.0
R1_nw,57,67.0,49.48939280290272,17.0,40.0,130.0
R1_nw,58,76.9090909090909,61.945870799359255,23.0,58.0,161.0
R1_nw,59,81.36363636363636,64.51708723628606,9.0,70.0,173.0
R1_nw,60,86.0,69.34839579975876,31.0,62.0,194.0
R1_nw,61,100.18181818181819,77.42198419288695,14.0,66.0,197.0
R1_nw,62,86.72727272727273,52.419635460561736,21.0,84.0,160.0
R1_nw,63,63.45454545454545,34.52930244405072,30.0,67.0,98.0
R1_nw,64,56.63636363636363,34.940729034388305,29.0,55.0,65.0
R1_nw,65,64.0,22.212609031808935,38.0,64.0,89.0
R1_nw,66,54.0,38.31709801120121,13.0,54.0,97.0
R1_nw,67,50.0,27.80287754891569,16.0,43.0,89.0
R1_nw,68,48.72727272727273,25.729713986326818,21.0,38.0,71.0
R1_nw,69,54.81818181818182,34.8821392171357,17.0,49.0,105.0
R1_nw,70,42.72727272727273,41.87383648315714,5.0,30.0,84.0
R1_nw,71,36.18181818181818,26.536081782426667,11.0,27.0,72.0
R1_nw,72,25.818181818181817,24.256208202512536,2.0,29.0,52.0
R1_nw,73,32.90909090909091,35.88162355706482,4.0,22.0,69.0
R1_nw,74,23.454545454545453,30.223711341804588,2.0,22.0,30.0
R1_nw,75,27.727272727272727,20.47481823651145,13.0,18.0,46.0
R1_nw,76,36.18181818181818,36.024486621791524,1.0,20.0,77.0
R1_nw,77,42.09090909090909,45.18728702954968,7.0,37.0,105.0
R1_nw,78,9.909090909090908,11.432012468979776,2.0,5.0,18.0
R2_ne,0,3.4545454545454546,7.229988054812212,0.0,0.0,10.0
R2_ne,1,10.909090909090908,11.30004022518987,0.0,7.0,16.0
R2_ne,2,20.454545454545453,12.8869207832099,5.0,23.0,30.0
R2_ne,3,32.45454545454545,23.513245783445708,5.0,32.0,60.0
R2_ne,4,35.72727272727273,23.332770555983743,6.0,42.0,62.0
R2_ne,5,49.27272727272727,30.614019367247124,21.0,42.0,81.0
R2_ne,6,60.09090909090909,32.78857894284089,18.0,51.0,87.0
R2_ne,7,69.18181818181819,45.31626238298605,29.0,54.0,131.0
R2_ne,8,81.36363636363636,48.19807615926745,42.0,79.0,146.0
R2_ne,9,60.27272727272727,37.12166728230538,18.0,55.0,120.0
R2_ne,10,74.54545454545455,49.90062852582849,18.0,65.0,122.0
R2_ne,11,58.54545454545455,41.71417897157665,16.0,56.0,99.0
R2_ne,12,61.90909090909091,53.049890754749995,28.0,38.0,100.0
R2_ne,13,52.18181818181818,46.02351177782543,15.0,38.0,107.0
R2_ne,14,51.63636363636363,45.46487155436102,11.0,26.0,102.0
R2_ne,15,53.0,37.741224145488445,9.0,49.0,105.0
R2_ne,16,44.0,24.584547992590796,12.0,53.0,59.0
R2_ne,17,39.90909090909091,27.569746264536228,17.0,34.0,69.0
R2_ne,18,38.72727272727273,20.76579355137149,16.0,36.0,62.0
R2_ne,19,37.90909090909091,27.98018779584778,18.0,25.0,61.0
R2_ne,20,38.81818181818182,26.757496825443823,0.0,37.0,75.0
R2_ne,21,30.272727272727273,16.131279608827743,15.0,32.0,50.0
R2_ne,22,34.36363636363637,25.962560456444688,13.0,30.0,66.0
R2_ne,23,27.0,19.733220720399395,8.0,23.0,53.0
R2_ne,24,27.272727272727273,22.343190949776663,7.0,19.0,59.0
R2_ne,25,32.54545454545455,19.946747285528218,14.0,33.0,59.0
R2_ne,26,37.54545454545455,25.46120042874505,7.0,40.0,70.0
R2_ne,27,38.81818181818182,24.465560209478884,10.0,40.0,77.0
R2_ne,28,41.09090909090909,25.42225224268906,11.0,39.0,71.0
R2_ne,29,41.36363636363637,25.164549379127486,15.0,33.0,68.0
R2_ne,30,45.72727272727273,28.660393957832856,19.0,43.0,90.0
R2_ne,31,57.72727272727273,22.95252016267891,29.0,66.0,76.0
R2_ne,32,58.09090909090909,31.187993027620564,21.0,69.0,84.0
R2_ne,33,53.90909090909091,48.798472405300856,12.0,37.0,99.0
R2_ne,34,61.63636363636363,48.24577230654045,14.0,55.0,108.0
R2_ne,35,84.72727272727273,63.526515580646965,16.0,78.0,173.0
R2_ne,36,98.36363636363636,73.41290448861525,22.0,76.0,190.0
R2_ne,37,109.18181818181819,74.17387435184733,32.0,117.0,215.0
R2_ne,38,101.27272727272727,76.34407758181496,15.0,103.0,199.0
R2_ne,39,99.36363636363636,66.28313922450072,19.0,86.0,175.0
R2_ne,40,62.36363636363637,43.88000165741275,18.0,41.0,126.0
R2_ne,41,63.81818181818182,48.41036703396945,13.0,45.0,121.0
R2_ne,42,64.18181818181819,57.78203558515082,20.0,60.0,79.0
R2_ne,43,49.63636363636363,50.456461880065916,20.0,25.0,92.0
R2_ne,44,36.36363636363637,30.477115110432376,14.0,25.0,79.0
R2_ne,45,29.545454545454547,19.78061493666785,9.0,24.0,51.0
R2_ne,46,39.09090909090909,28.16542044938987,7.0,39.0,74.0
R2_ne,47,32.36363636363637,22.335051946537877,11.0,37.0,58.0
R2_ne,48,30.818181818181817,20.850986460204616,11.0,24.0,58.0
R2_ne,49,35.18181818181818,23.370144123724106,11.0,40.0,64.0
R2_ne,50,48.09090909090909,34.50349125944952,6.0,43.0,80.0
R2_ne,51,45.54545454545455,33.85664967584252,4.0,57.0,74.0
R2_ne,52,37.36363636363637,28.45442927655632,7.0,33.0,58.0
R2_ne,53,30.0,17.838161340227863,14.0,26.0,45.0
R2_ne,54,35.63636363636363,25.224086612889383,8.0,30.0,70.0
R2_ne,55,41.36363636363637,20.790732201020376,24.0,38.0,66.0
R2_ne,56,56.36363636363637,35.830916056592045,20.0,44.0,94.0
R2_ne,57,49.09090909090909,25.173218091672528,23.0,44.0,74.0
R2_ne,58,61.90909090909091,41.30969509801432,24.0,49.0,91.0
R2_ne,59,82.81818181818181,55.60722647609424,19.0,67.0,139.0
R2_ne,60,108.63636363636364,65.10955801919212,28.0,91.0,173.0
R2_ne,61,98.0909090909091,49.97090062317177,53.0,78.0,158.0
R2_ne,62,97.45454545454545,54.05249973195252,53.0,73.0,177.0
R2_ne,63,93.0909090909091,58.490092401114474,35.0,93.0,191.0
R2_ne,64,83.63636363636364,58.84262524271453,29.0,69.0,169.0
R2_ne,65,78.36363636363636,57.924559087269245,12.0,75.0,161.0
R2_ne,66,67.54545454545455,63.997443130743335,15.0,34.0,172.0
R2_ne,67,51.81818181818182,43.0367707473927,12.0,30.0,89.0
R2_ne,68,46.63636363636363,24.19203475225979,24.0,42.0,77.0
R2_ne,69,47.54545454545455,21.200771855588826,36.0,43.0,67.0
R2_ne,70,44.54545454545455,31.398610276136868,22.0,32.0,69.0
R2_ne,71,46.36363636363637,27.695749591851555,20.0,40.0,88.0
R2_ne,72,46.63636363636363,32.09757849830023,15.0,47.0,65.0
R2_ne,73,36.54545454545455,28.380851419094657,7.0,25.0,76.0
R2_ne,74,33.54545454545455,21.97436523025699,12.0,34.0,60.0
R2_ne,75,37.36363636363637,21.551207517318964,10.0,35.0,62.0
R2_ne,76,47.18181818181818,28.456346152723757,21.0,47.0,76.0
R2_ne,77,64.72727272727273,54.766944243934056,15.0,52.0,102.0
R2_ne,78,13.454545454545455,12.707191950731179,5.0,9.0,25.0
R3_sw,0,2.4545454545454546,2.3817487845545915,0.0,2.0,6.0
R3_sw,1,16.181818181818183,9.662486034330728,3.0,16.0,28.0
R3_sw,2,24.0,13.805795884337853,9.0,27.0,40.0
R3_sw,3,45.27272727272727,19.626975870423383,21.0,50.0,70.0
R3_sw,4,58.27272727272727,21.48530152960814,44.0,61.0,77.0
R3_sw,5,77.0909090909091,32.52830934879508,45.0,77.0,127.0
R3_sw,6,80.0909090909091,39.33561883447252,47.0,68.0,136.0
R3_sw,7,74.45454545454545,33.97753268371215,32.0,75.0,117.0
R3_sw,8,58.27272727272727,35.46573250079831,17.0,52.0,103.0
R3_sw,9,61.54545454545455,43.756973470210745,18.0,54.0,105.0
R3_sw,10,73.63636363636364,48.50623202697305,33.0,66.0,93.0
R3_sw,11,73.9090909090909,50.812310605707644,19.0,74.0,133.0
R3_sw,12,61.09090909090909,36.17030424382561,11.0,72.0,99.0
R3_sw,13,55.63636363636363,35.42110310894545,17.0,54.0,100.0
R3_sw,14,62.54545454545455,50.96344500985708,8.0,51.0,134.0
R3_sw,15,74.45454545454545,62.47137526317735,6.0,53.0,147.0
R3_sw,16,51.54545454545455,29.904393109921614,15.0,51.0,88.0
R3_sw,17,49.54545454545455,26.21588692515909,21.0,53.0,82.0
R3_sw,18,42.27272727272727,23.418330039056624,20.0,43.0,68.0
R3_sw,19,40.18181818181818,29.593303910912624,15.0,34.0,68.0
R3_sw,20,47.54545454545455,33.31775393499279,21.0,35.0,107.0
R3_sw,21,42.27272727272727,26.401101905378532,9.0,41.0,73.0
R3_sw,22,41.81818181818182,31.11211398095019,8.0,36.0,87.0
R3_sw,23,33.18181818181818,36.861411209605585,1.0,26.0,61.0
R3_sw,24,29.545454545454547,35.07524379491506,0.0,18.0,58.0
R3_sw,25,36.0,35.60056179332006,2.0,27.0,65.0
R3_sw,26,53.18181818181818,48.852468068293504,10.0,36.0,139.0
R3_sw,27,60.63636363636363,50.299647567895995,9.0,52.0,139.0
R3_sw,28,78.27272727272727,62.89052537400354,20.0,76.0,147.0
R3_sw,29,82.27272727272727,84.38494049188031,14.0,56.0,117.0
R3_sw,30,84.18181818181819,80.94667155827742,6.0,58.0,189.0
R3_sw,31,70.18181818181819,66.83385097660941,4.0,37.0,149.0
R3_sw,32,74.54545454545455,61.05794565224682,8.0,69.0,158.0
R3_sw,33,108.0,77.64148375707408,27.0,110.0,194.0
R3_sw,34,109.72727272727273,84.22362009447339,19.0,108.0,228.0
R3_sw,35,107.81818181818181,103.91228818750763,6.0,89.0,250.0
R3_sw,36,113.63636363636364,103.12930982729665,3.0,133.0,252.0
R3_sw,37,116.27272727272727,111.27721321914106,14.0,90.0,283.0
R3_sw,38,110.54545454545455,70.34822476276659,57.0,76.0,196.0
R3_sw,39,83.45454545454545,38.26842990341683,36.0,94.0,128.0
R3_sw,40,61.81818181818182,39.04309972791142,35.0,61.0,73.0
R3_sw,41,60.09090909090909,42.221924507190685,14.0,54.0,84.0
R3_sw,42,48.81818181818182,43.3862148194981,21.0,26.0,82.0
R3_sw,43,43.18181818181818,27.949304756355506,18.0,40.0,68.0
R3_sw,44,42.27272727272727,28.9174373314473,13.0,41.0,84.0
R3_sw,45,56.72727272727273,36.66085353368334,30.0,37.0,96.0
R3_sw,46,40.63636363636363,33.580567973971874,16.0,29.0,64.0
R3_sw,47,36.27272727272727,32.184129346902985,8.0,21.0,79.0
R3_sw,48,36.36363636363637,20.48547157022619,16.0,35.0,52.0
R3_sw,49,33.09090909090909,11.49308092249024,17.0,33.0,51.0
R3_sw,50,37.45454545454545,19.54156409483968,11.0,41.0,48.0
R3_sw,51,27.454545454545453,16.753290043234113,9.0,26.0,49.0
R3_sw,52,40.81818181818182,23.4000776999487,15.0,35.0,71.0
R3_sw,53,45.63636363636363,24.618175104067834,23.0,48.0,73.0
R3_sw,54,54.27272727272727,28.457304542387387,16.0,61.0,76.0
R3_sw,55,53.36363636363637,32.52467594695673,17.0,67.0,81.0
R3_sw,56,51.45454545454545,47.35264224172424,3.0,48.0,119.0
R3_sw,57,56.81818181818182,53.0392650435848,13.0,32.0,122.0
R3_sw,58,54.45454545454545,40.46075539671407,26.0,37.0,112.0
R3_sw,59,61.18181818181818,51.617474137772724,21.0,51.0,118.0
R3_sw,60,66.18181818181819,57.26922067187257,11.0,49.0,159.0
R3_sw,61,73.18181818181819,43.43919470206183,26.0,67.0,125.0
R3_sw,62,68.45454545454545,33.1311443701048,37.0,63.0,90.0
R3_sw,63,64.72727272727273,30.74114802375119,29.0,62.0,108.0
R3_sw,64,67.0,31.0322412983658,35.0,60.0,106.0
R3_sw,65,65.18181818181819,36.383562722246374,36.0,61.0,110.0
R3_sw,66,60.18181818181818,26.887983121901062,28.0,62.0,92.0
R3_sw,67,45.81818181818182,22.903354260099903,8.0,49.0,67.0
R3_sw,68,38.81818181818182,30.521527425141038,6.0,38.0,86.0
R3_sw,69,30.454545454545453,18.949214423630526,13.0,30.0,58.0
R3_sw,70,39.18181818181818,23.802597260879672,11.0,36.0,74.0
R3_sw,71,40.81818181818182,23.919942231611607,21.0,36.0,58.0
R3_sw,72,37.36363636363637,29.776745044657677,9.0,27.0,71.0
R3_sw,73,31.545454545454547,37.162786860954434,1.0,21.0,44.0
R3_sw,74,29.454545454545453,26.37181691261956,1.0,22.0,57.0
R3_sw,75,27.454545454545453,29.564720990950132,0.0,19.0,83.0
R3_sw,76,34.81818181818182,34.0641106791831,6.0,22.0,73.0
R3_sw,77,33.72727272727273,32.87884094395941,3.0,29.0,74.0
R3_sw,78,6.181818181818182,5.306942280036251,0.0,6.0,11.0
R4_se,0,1.7272727272727273,2.3276988246295565,0.0,0.0,5.0
R4_se,1,15.090909090909092,13.707330487403777,0.0,16.0,28.0
R4_se,2,30.09090909090909,32.76417111863062,8.0,15.0,64.0
R4_se,3,30.272727272727273,25.624562080515286,2.0,27.0,72.0
R4_se,4,40.27272727272727,39.1742030144607,2.0,26.0,72.0
R4_se,5,53.0,43.9203825119955,11.0,38.0,113.0
R4_se,6,50.90909090909091,35.39054830164276,16.0,42.0,95.0
R4_se,7,64.63636363636364,54.69967591727163,11.0,34.0,153.0
R4_se,8,77.63636363636364,62.76348098579735,24.0,43.0,135.0
R4_se,9,74.27272727272727,61.35974398429463,25.0,46.0,123.0
R4_se,10,77.9090909090909,56.19511463722544,31.0,58.0,148.0
R4_se,11,69.45454545454545,60.77559318733736,17.0,67.0,123.0
R4_se,12,76.0909090909091,48.81486360823831,42.0,66.0,124.0
R4_se,13,58.72727272727273,36.31002866727292,15.0,71.0,96.0
R4_se,14,40.27272727272727,29.99030146260924,7.0,45.0,75.0
R4_se,15,33.72727272727273,30.16319250043307,7.0,32.0,73.0
R4_se,16,41.45454545454545,26.617150998420684,12.0,48.0,73.0
R4_se,17,44.36363636363637,25.68374087734389,18.0,37.0,79.0
R4_se,18,47.36363636363637,38.65041455734395,24.0,30.0,87.0
R4_se,19,46.90909090909091,41.19819060457521,7.0,43.0,83.0
R4_se,20,53.54545454545455,39.60899805944007,15.0,61.0,84.0
R4_se,21,48.81818181818182,33.388076260300416,11.0,43.0,99.0
R4_se,22,49.36363636363637,30.74173946696162,15.0,49.0,89.0
R4_se,23,55.90909090909091,49.87475222084726,23.0,43.0,82.0
R4_se,24,50.54545454545455,34.352186644706144,18.0,43.0,65.0
R4_se,25,37.18181818181818,20.551487448932654,18.0,40.0,67.0
R4_se,26,25.545454545454547,15.59720254637758,10.0,18.0,51.0
R4_se,27,41.72727272727273,29.52656738969469,13.0,39.0,65.0
R4_se,28,35.36363636363637,32.06017070220534,8.0,22.0,64.0
R4_se,29,45.54545454545455,32.830972073222675,16.0,44.0,75.0
R4_se,30,61.09090909090909,43.651929042035576,20.0,49.0,129.0
R4_se,31,51.90909090909091,26.4176249706689,23.0,47.0,91.0
R4_se,32,61.0,38.236108588610314,20.0,68.0,103.0
R4_se,33,65.9090909090909,56.81277065142053,3.0,59.0,153.0
R4_se,34,81.27272727272727,71.6576456619821,29.0,59.0,215.0
R4_se,35,75.0909090909091,59.77700987077649,30.0,49.0,188.0
R4_se,36,70.63636363636364,75.12692290686839,19.0,42.0,151.0
R4_se,37,75.72727272727273,71.66183211318408,9.0,73.0,118.0
R4_se,38,93.9090909090909,76.28165512815588,18.0,99.0,171.0
R4_se,39,84.0909090909091,61.16772767637285,26.0,73.0,184.0
R4_se,40,75.81818181818181,49.91155814401746,15.0,65.0,140.0
R4_se,41,57.54545454545455,43.3136552056361,2.0,73.0,93.0
R4_se,42,40.18181818181818,38.337496480125516,2.0,20.0,91.0
R4_se,43,35.72727272727273,18.580047949835382,20.0,27.0,58.0
R4_se,44,37.54545454545455,26.752060243516336,7.0,36.0,49.0
R4_se,45,27.636363636363637,26.51894691450898,8.0,24.0,48.0
R4_se,46,26.636363636363637,15.390079449260341,8.0,28.0,48.0
R4_se,47,35.09090909090909,32.74585331138752,7.0,26.0,89.0
R4_se,48,44.45454545454545,37.364056622277076,13.0,37.0,104.0
R4_se,49,38.54545454545455,30.160781277558563,14.0,23.0,84.0
R4_se,50,36.45454545454545,28.108232375457682,8.0,35.0,80.0
R4_se,51,41.27272727272727,30.086843998967087,7.0,41.0,77.0
R4_se,52,51.54545454545455,46.98800620661327,13.0,31.0,131.0
R4_se,53,54.63636363636363,45.710551795559695,11.0,38.0,125.0
R4_se,54,48.0,29.451655301527623,22.0,41.0,72.0
R4_se,55,52.45454545454545,25.858706991509212,30.0,46.0,79.0
R4_se,56,67.54545454545455,30.014541930083276,34.0,73.0,108.0
R4_se,57,62.18181818181818,35.94111345470026,21.0,61.0,109.0
R4_se,58,67.72727272727273,29.533340173745703,35.0,61.0,103.0
R4_se,59,80.36363636363636,45.033926604889174,44.0,61.0,138.0
R4_se,60,97.36363636363636,81.03613111109479,21.0,77.0,132.0
R4_se,61,129.0,121.16765244899318,33.0,107.0,231.0
R4_se,62,126.54545454545455,87.09461939335132,64.0,104.0,287.0
R4_se,63,97.0909090909091,52.37452538296561,41.0,81.0,164.0
R4_se,64,92.9090909090909,43.964655225429766,48.0,95.0,134.0
R4_se,65,77.54545454545455,36.134093696573146,43.0,70.0,123.0
R4_se,66,67.18181818181819,35.03374996148195,23.0,60.0,114.0
R4_se,67,66.72727272727273,32.2338049540879,28.0,62.0,110.0
R4_se,68,59.54545454545455,31.54794331288059,23.0,59.0,94.0
R4_se,69,47.0,22.720035211240322,21.0,46.0,83.0
R4_se,70,40.27272727272727,24.775354322757565,14.0,36.0,73.0
R4_se,71,39.18181818181818,37.378652147497725,14.0,28.0,62.0
R4_se,72,37.90909090909091,28.752233114854036,1.0,39.0,82.0
R4_se,73,31.181818181818183,18.988513274178057,14.0,40.0,51.0
R4_se,74,32.09090909090909,15.801610965053818,12.0,37.0,47.0
R4_se,75,28.90909090909091,16.92013324684262,11.0,24.0,46.0
R4_se,76,29.727272727272727,22.199508594069865,7.0,24.0,58.0
R4_se,77,29.181818181818183,16.797727118977626,5.0,31.0,44.0
R4_se,78,7.545454545454546,6.07229176445988,0.0,6.0,16.0
