region,week,mean,sd,q10,q50,q90
R0_metro,0,25.272727272727273,4.474168282282397,22.0,25.0,31.0
R0_metro,1,87.72727272727273,12.82256533686539,73.0,89.0,101.0
R0_metro,2,98.9090909090909,21.215346075209546,81.0,92.0,132.0
R0_metro,3,120.81818181818181,31.7736311485426,92.0,106.0,164.0
R0_metro,4,156.72727272727272,36.083489047183086,118.0,155.0,195.0
R0_metro,5,172.0,47.02552498377876,129.0,161.0,220.0
R0_metro,6,202.1818181818182,46.62578295711114,158.0,203.0,251.0
R0_metro,7,214.72727272727272,47.6342123039542,167.0,207.0,284.0
R0_metro,8,236.0,53.70847232979169,187.0,211.0,311.0
R0_metro,9,258.09090909090907,41.2006178241408,197.0,267.0,301.0
R0_metro,10,298.90909090909093,62.50512706243312,231.0,308.0,350.0
R0_metro,11,332.54545454545456,49.76015200210634,259.0,336.0,384.0
R0_metro,12,368.1818181818182,68.23022524045804,289.0,380.0,448.0
R0_metro,13,348.6363636363636,71.18465105241822,268.0,361.0,428.0
R0_metro,14,396.09090909090907,91.22768718481747,275.0,398.0,493.0
R0_metro,15,445.90909090909093,105.09848195426473,328.0,463.0,557.0
R0_metro,16,502.54545454545456,119.44820102150022,344.0,489.0,671.0
R0_metro,17,535.5454545454545,114.47826312131366,390.0,546.0,639.0
R0_metro,18,502.54545454545456,96.06181721825132,378.0,503.0,548.0
R0_metro,19,497.0,82.91200154380546,390.0,500.0,566.0
R0_metro,20,528.6363636363636,85.78026897518185,451.0,505.0,618.0
R0_metro,21,543.6363636363636,80.25244261363355,445.0,559.0,634.0
R0_metro,22,502.54545454545456,80.39945725732684,394.0,519.0,576.0
R0_metro,23,459.54545454545456,68.08430602769427,401.0,445.0,533.0
R0_metro,24,457.27272727272725,64.13437597590065,410.0,454.0,487.0
R0_metro,25,436.90909090909093,63.309485143151406,388.0,420.0,485.0
R0_metro,26,416.45454545454544,51.51963438605448,347.0,410.0,489.0
R0_metro,27,373.1818181818182,63.14399129262924,289.0,369.0,440.0
R0_metro,28,352.1818181818182,50.50112509997809,285.0,351.0,412.0
R0_metro,29,349.6363636363636,52.87016687560712,304.0,333.0,413.0
R0_metro,30,328.6363636363636,52.225037534256934,287.0,315.0,395.0
R0_metro,31,297.6363636363636,43.97788700534105,260.0,291.0,338.0
R0_metro,32,255.45454545454547,43.40821036708065,219.0,258.0,313.0
R0_metro,33,243.1818181818182,50.35636639357169,191.0,233.0,301.0
R0_metro,34,253.45454545454547,60.276635002899155,186.0,242.0,319.0
R0_metro,35,225.36363636363637,47.69124181078267,170.0,221.0,268.0
R0_metro,36,208.9090909090909,54.078562380031045,154.0,207.0,251.0
R0_metro,37,178.54545454545453,34.10385208847715,140.0,180.0,215.0
R0_metro,38,160.0909090909091,34.80935088580236,141.0,151.0,203.0
R0_metro,39,163.36363636363637,33.17008509869315,122.0,157.0,209.0
R0_metro,40,169.0,21.908902300206645,144.0,170.0,192.0
R0_metro,41,165.63636363636363,23.423376047328127,134.0,165.0,191.0
R0_metro,42,160.36363636363637,23.87162636802413,133.0,154.0,191.0
R0_metro,43,159.36363636363637,37.89267139506722,117.0,165.0,203.0
R0_metro,44,180.45454545454547,35.62123983345789,137.0,181.0,207.0
R0_metro,45,182.63636363636363,40.64301348884634,136.0,172.0,226.0
R0_metro,46,178.36363636363637,42.83753664083109,127.0,167.0,236.0
R0_metro,47,179.8181818181818,33.88161206854887,141.0,185.0,220.0
R0_metro,48,173.72727272727272,21.82700579140854,159.0,176.0,194.0
R0_metro,49,175.9090909090909,18.190407062265237,161.0,173.0,196.0
R0_metro,50,204.72727272727272,31.135481075746714,159.0,208.0,235.0
R0_metro,51,211.9090909090909,23.889137889235542,179.0,224.0,233.0
R0_metro,52,209.0,26.899814125751874,178.0,207.0,242.0
R0_metro,53,204.54545454545453,26.830444037934356,185.0,191.0,251.0
R0_metro,54,217.8181818181818,36.389059294843506,173.0,216.0,259.0
R0_metro,55,206.8181818181818,39.216879482738506,160.0,222.0,248.0
R0_metro,56,211.1818181818182,39.521685646789365,167.0,203.0,255.0
R0_metro,57,211.72727272727272,38.797141412972444,164.0,218.0,255.0
R0_metro,58,242.8181818181818,47.86819023489019,191.0,263.0,295.0
R0_metro,59,240.1818181818182,48.21787673014684,193.0,232.0,303.0
R0_metro,60,231.27272727272728,50.57685421038148,195.0,212.0,300.0
R0_metro,61,258.6363636363636,53.443938341542015,214.0,252.0,298.0
R0_metro,62,248.0909090909091,44.51394061517031,223.0,244.0,319.0
R0_metro,63,263.27272727272725,50.53135840068207,200.0,259.0,337.0
R0_metro,64,289.0,64.31018581842227,210.0,283.0,359.0
R0_metro,65,274.09090909090907,67.21823345708299,216.0,265.0,331.0
R0_metro,66,282.09090909090907,89.33247398953478,218.0,264.0,367.0
R0_metro,67,306.45454545454544,69.3373833315963,239.0,285.0,402.0
R0_metro,68,324.6363636363636,80.86194745029671,248.0,337.0,429.0
R0_metro,69,355.72727272727275,83.83208324870724,212.0,388.0,429.0
R0_metro,70,393.27272727272725,94.53791928013958,268.0,398.0,500.0
R0_metro,71,395.27272727272725,85.84764517340113,311.0,411.0,497.0
R0_metro,72,388.1818181818182,74.38389366229516,327.0,395.0,474.0
R0_metro,73,360.45454545454544,74.13145572071768,319.0,348.0,441.0
R0_metro,74,391.09090909090907,86.95223349110077,320.0,397.0,493.0
R0_metro,75,431.45454545454544,82.47104174965128,388.0,444.0,531.0
R0_metro,76,458.45454545454544,89.10933019203279,357.0,473.0,545.0
R0_metro,77,410.27272727272725,88.03191570003564,337.0,403.0,530.0
R0_metro,78,393.90909090909093,97.75832910341147,321.0,380.0,498.0
R0_metro,79,383.6363636363636,83.6985934496784,308.0,360.0,475.0
R0_metro,80,381.8181818181818,85.72493007499999,306.0,363.0,458.0
R0_metro,81,358.1818181818182,75.897059471126,281.0,346.0,468.0
R0_metro,82,316.1818181818182,66.56848831364307,242.0,312.0,411.0
R0_metro,83,287.45454545454544,44.20715696889732,242.0,279.0,342.0
R0_metro,84,266.54545454545456,46.73406388570041,209.0,253.0,339.0
R0_metro,85,245.36363636363637,41.076204126653984,195.0,247.0,286.0
R0_metro,86,227.72727272727272,35.499551853765446,187.0,227.0,265.0
R0_metro,87,206.63636363636363,34.179738814896545,181.0,205.0,243.0
R0_metro,88,167.54545454545453,38.92136594818748,125.0,159.0,215.0
R0_metro,89,159.36363636363637,38.864566708694255,121.0,170.0,201.0
R0_metro,90,155.54545454545453,27.87602423719579,127.0,158.0,191.0
R0_metro,91,143.0,37.39251261950714,85.0,146.0,173.0
R0_metro,92,145.54545454545453,30.506929168186154,95.0,153.0,169.0
R0_metro,93,143.0909090909091,29.30001551349263,114.0,138.0,180.0
R0_metro,94,143.45454545454547,26.534368793561438,107.0,138.0,176.0
R0_metro,95,150.8181818181818,23.05566386733716,126.0,149.0,173.0
R0_metro,96,137.9090909090909,23.192475268735528,112.0,133.0,166.0
R0_metro,97,143.0909090909091,21.741456002092164,121.0,146.0,156.0
R0_metro,98,152.45454545454547,32.26875775843761,105.0,147.0,185.0
R0_metro,99,150.54545454545453,35.254400112223266,111.0,157.0,194.0
R0_metro,100,153.72727272727272,31.416845510301982,112.0,158.0,186.0
R0_metro,101,155.8181818181818,21.85322942641743,132.0,154.0,184.0
R0_metro,102,173.45454545454547,20.407663444714274,146.0,172.0,195.0
R0_metro,103,171.27272727272728,33.8233378278694,125.0,181.0,207.0
R0_metro,104,181.54545454545453,47.764764495103776,131.0,176.0,237.0
R0_metro,105,206.27272727272728,50.062143200408244,154.0,197.0,278.0
R0_metro,106,212.72727272727272,44.032013147461036,165.0,211.0,252.0
R0_metro,107,210.0909090909091,45.491657576866885,175.0,205.0,275.0
R0_metro,108,206.0,45.210618221829264,151.0,189.0,267.0
R0_metro,109,210.9090909090909,55.62275531732413,148.0,207.0,282.0
R0_metro,110,217.0909090909091,68.51781453819808,157.0,198.0,273.0
R0_metro,111,234.1818181818182,64.03408183431412,156.0,230.0,317.0
R0_metro,112,230.54545454545453,58.97518738649947,169.0,224.0,288.0
R0_metro,113,215.63636363636363,58.232761787970745,158.0,223.0,261.0
R0_metro,114,239.9090909090909,71.28036832881062,189.0,240.0,283.0
R0_metro,115,244.8181818181818,73.42862954164157,160.0,244.0,306.0
R0_metro,116,268.45454545454544,78.15288047969011,166.0,294.0,305.0
R0_metro,117,258.8181818181818,65.80549852682249,166.0,258.0,329.0
R0_metro,118,288.54545454545456,58.26382005389561,211.0,309.0,335.0
R0_metro,119,317.54545454545456,66.32852122030708,233.0,329.0,386.0
R0_metro,120,317.45454545454544,55.69625415836084,244.0,334.0,381.0
R0_metro,121,363.90909090909093,49.5246495100259,310.0,367.0,409.0
R0_metro,122,397.09090909090907,64.95145040020977,321.0,397.0,465.0
R0_metro,123,397.72727272727275,65.31323129212167,327.0,391.0,483.0
R0_metro,124,366.54545454545456,88.44474392112132,257.0,370.0,477.0
R0_metro,125,378.09090909090907,72.50441992796652,282.0,383.0,440.0
R0_metro,126,410.54545454545456,77.56205726560331,319.0,405.0,484.0
R0_metro,127,405.3636363636364,68.85095892908497,329.0,392.0,476.0
R0_metro,128,410.8181818181818,81.13792970222765,295.0,398.0,504.0
R0_metro,129,388.45454545454544,65.12198344086832,295.0,399.0,457.0
R0_metro,130,385.72727272727275,76.68258069351984,295.0,413.0,435.0
R0_metro,131,353.90909090909093,56.34084583222823,330.0,338.0,428.0
R0_metro,132,338.1818181818182,56.45142723052833,271.0,328.0,413.0
R0_metro,133,300.90909090909093,57.09720579057183,231.0,304.0,357.0
R0_metro,134,283.1818181818182,57.10484774836228,204.0,300.0,323.0
R0_metro,135,248.1818181818182,43.446100358532014,191.0,250.0,273.0
R0_metro,136,241.9090909090909,37.83240554195449,202.0,233.0,292.0
R0_metro,137,237.63636363636363,31.010555387715094,204.0,238.0,264.0
R0_metro,138,238.54545454545453,32.097861724306924,189.0,234.0,274.0
R0_metro,139,209.8181818181818,29.064817845010424,189.0,210.0,243.0
R0_metro,140,203.63636363636363,33.58652327131443,175.0,184.0,249.0
R0_metro,141,192.9090909090909,32.89819005797901,161.0,185.0,250.0
R0_metro,142,172.27272727272728,31.009969071545072,139.0,168.0,204.0
R0_metro,143,159.72727272727272,20.421023035543097,146.0,155.0,190.0
R0_metro,144,157.0909090909091,30.911015982832225,126.0,154.0,189.0
R0_metro,145,158.72727272727272,31.349931129400936,119.0,164.0,190.0
R0_metro,146,171.1818181818182,25.18260582949343,153.0,158.0,205.0
R0_metro,147,157.45454545454547,37.72628695316738,121.0,159.0,197.0
R0_metro,148,152.36363636363637,38.95451893496499,107.0,154.0,195.0
R0_metro,149,173.9090909090909,39.765448684642166,134.0,176.0,215.0
R0_metro,150,176.54545454545453,35.06954130399666,141.0,182.0,213.0
R0_metro,151,185.27272727272728,43.03972794777148,142.0,177.0,248.0
R0_metro,152,199.45454545454547,56.49666120464755,149.0,194.0,250.0
R0_metro,153,202.9090909090909,56.7634645620835,144.0,205.0,241.0
R0_metro,154,216.45454545454547,60.52662824966155,159.0,207.0,255.0
R0_metro,155,239.8181818181818,67.70792890322105,170.0,225.0,313.0
R0_metro,156,104.27272727272727,31.311630136710892,72.0,108.0,150.0
R1_nw,0,0.09090909090909091,0.30151134457776363,0.0,0.0,0.0
R1_nw,1,3.8181818181818183,3.995451959870919,0.0,5.0,8.0
R1_nw,2,9.181818181818182,7.6917901923828085,0.0,8.0,20.0
R1_nw,3,11.272727272727273,11.018991869412638,2.0,8.0,30.0
R1_nw,4,11.545454545454545,13.448893161622161,0.0,9.0,20.0
R1_nw,5,15.090909090909092,16.238562408381753,0.0,10.0,31.0
R1_nw,6,18.545454545454547,17.345683246062325,3.0,13.0,39.0
R1_nw,7,21.90909090909091,11.810626955877874,10.0,21.0,30.0
R1_nw,8,27.818181818181817,19.394938421238578,11.0,24.0,46.0
R1_nw,9,34.90909090909091,26.250541119963774,5.0,29.0,58.0
R1_nw,10,39.18181818181818,25.13092987463131,5.0,43.0,69.0
R1_nw,11,28.09090909090909,18.52811132012405,1.0,33.0,48.0
R1_nw,12,32.72727272727273,17.950436814133013,7.0,40.0,48.0
R1_nw,13,27.272727272727273,16.882481506525686,13.0,27.0,50.0
R1_nw,14,24.09090909090909,15.273863594091349,7.0,26.0,39.0
R1_nw,15,23.09090909090909,13.28498811030364,9.0,26.0,38.0
R1_nw,16,29.454545454545453,15.468442949202329,11.0,27.0,52.0
R1_nw,17,33.63636363636363,16.341803616937312,16.0,32.0,52.0
R1_nw,18,45.63636363636363,25.761493463200953,19.0,46.0,66.0
R1_nw,19,43.90909090909091,25.16527188589285,13.0,47.0,68.0
R1_nw,20,45.45454545454545,27.63101024705263,11.0,39.0,79.0
R1_nw,21,39.63636363636363,29.090454541903352,9.0,34.0,82.0
R1_nw,22,37.72727272727273,23.10883341534535,20.0,40.0,65.0
R1_nw,23,41.63636363636363,21.242752774877022,24.0,46.0,65.0
R1_nw,24,41.27272727272727,32.643807710164296,5.0,37.0,88.0
R1_nw,25,37.27272727272727,23.272691761336546,10.0,33.0,71.0
R1_nw,26,35.0,20.654297373670207,13.0,35.0,59.0
R1_nw,27,28.90909090909091,13.508919612275035,16.0,25.0,46.0
R1_nw,28,24.363636363636363,13.170214328345057,7.0,24.0,39.0
R1_nw,29,22.727272727272727,11.773622289600674,12.0,21.0,34.0
R1_nw,30,20.272727272727273,10.724652992902932,5.0,19.0,29.0
R1_nw,31,24.545454545454547,15.377669760816405,9.0,26.0,40.0
R1_nw,32,19.545454545454547,15.62282712164246,5.0,18.0,45.0
R1_nw,33,19.727272727272727,17.66969670985277,0.0,13.0,48.0
R1_nw,34,18.454545454545453,16.219516863110545,0.0,17.0,33.0
R1_nw,35,15.181818181818182,10.008178473810124,2.0,16.0,26.0
R1_nw,36,15.636363636363637,10.210511517771549,6.0,13.0,29.0
R1_nw,37,18.09090909090909,10.004544421956908,6.0,19.0,25.0
R1_nw,38,12.363636363636363,11.404145976553679,0.0,7.0,29.0
R1_nw,39,9.727272727272727,13.259644860183165,0.0,3.0,23.0
R1_nw,40,12.090909090909092,8.993937351955989,4.0,12.0,25.0
R1_nw,41,10.181818181818182,6.096198517407087,4.0,10.0,16.0
R1_nw,42,10.909090909090908,5.46725791333362,5.0,10.0,17.0
R1_nw,43,11.0,3.4641016151377544,7.0,12.0,15.0
R1_nw,44,13.090909090909092,7.71303501164808,5.0,12.0,25.0
R1_nw,45,16.727272727272727,10.27707068274719,4.0,14.0,26.0
R1_nw,46,15.909090909090908,11.995453684246757,1.0,12.0,32.0
R1_nw,47,14.363636363636363,15.474318901151852,2.0,10.0,27.0
R1_nw,48,14.909090909090908,15.700028951913085,0.0,10.0,26.0
R1_nw,49,14.636363636363637,12.855136928657954,1.0,14.0,26.0
R1_nw,50,14.909090909090908,10.866964115653879,7.0,12.0,27.0
R1_nw,51,15.636363636363637,12.184192441624742,3.0,12.0,33.0
R1_nw,52,19.454545454545453,17.00213890287711,2.0,17.0,43.0
R1_nw,53,19.0,18.665476152512156,2.0,16.0,40.0
R1_nw,54,22.09090909090909,18.565853308989304,10.0,19.0,53.0
R1_nw,55,30.0,23.70232056149777,9.0,26.0,53.0
R1_nw,56,27.363636363636363,16.97216973325878,9.0,26.0,44.0
R1_nw,57,29.818181818181817,18.96216328280179,9.0,31.0,51.0
R1_nw,58,30.363636363636363,22.962023984277725,3.0,35.0,59.0
R1_nw,59,33.36363636363637,25.358520174776473,7.0,27.0,68.0
R1_nw,60,34.90909090909091,24.47224773270549,7.0,32.0,56.0
R1_nw,61,32.72727272727273,19.375711130644515,11.0,35.0,57.0
R1_nw,62,34.0,16.419500601419035,8.0,43.0,48.0
R1_nw,63,36.09090909090909,16.452686986960792,25.0,36.0,58.0
R1_nw,64,37.18181818181818,17.74157930860825,17.0,43.0,53.0
R1_nw,65,34.0,13.942740046346701,21.0,34.0,50.0
R1_nw,66,34.54545454545455,16.095736307256256,17.0,41.0,53.0
R1_nw,67,40.27272727272727,24.58898496925365,14.0,41.0,72.0
R1_nw,68,41.27272727272727,29.72907973379233,9.0,43.0,81.0
R1_nw,69,39.63636363636363,29.54749643293904,7.0,39.0,73.0
R1_nw,70,33.36363636363637,25.263700153669998,9.0,28.0,53.0
R1_nw,71,31.636363636363637,21.47683741742591,13.0,32.0,55.0
R1_nw,72,38.63636363636363,24.601921580529954,17.0,32.0,62.0
R1_nw,73,38.0,17.308957218735046,21.0,37.0,61.0
R1_nw,74,39.09090909090909,13.52371654135464,19.0,47.0,52.0
R1_nw,75,40.0,13.371611720357423,19.0,42.0,56.0
R1_nw,76,41.0,14.986660735467392,23.0,44.0,60.0
R1_nw,77,40.18181818181818,24.247961488826977,21.0,32.0,62.0
R1_nw,78,36.0,21.614809737770074,16.0,32.0,62.0
R1_nw,79,35.0,23.177575369309018,13.0,37.0,65.0
R1_nw,80,32.90909090909091,28.525267905681606,9.0,17.0,66.0
R1_nw,81,35.09090909090909,30.372535440606686,8.0,21.0,67.0
R1_nw,82,28.636363636363637,26.67685411465425,5.0,25.0,44.0
R1_nw,83,34.81818181818182,31.18915895569543,11.0,27.0,75.0
R1_nw,84,32.27272727272727,27.39741195474824,8.0,20.0,66.0
R1_nw,85,27.727272727272727,19.17858654380405,4.0,27.0,55.0
R1_nw,86,28.454545454545453,13.966843855099379,10.0,31.0,47.0
R1_nw,87,20.818181818181817,10.656624060350275,11.0,20.0,32.0
R1_nw,88,15.0,14.042791745233567,1.0,10.0,30.0
R1_nw,89,12.454545454545455,14.631224394175877,0.0,6.0,30.0
R1_nw,90,15.090909090909092,11.466948551855854,0.0,18.0,30.0
R1_nw,91,12.454545454545455,9.048354948427216,0.0,16.0,24.0
R1_nw,92,13.181818181818182,9.703794946495744,0.0,14.0,23.0
R1_nw,93,13.636363636363637,9.91234308599866,5.0,9.0,23.0
R1_nw,94,13.272727272727273,6.0181543531370005,7.0,12.0,23.0
R1_nw,95,13.272727272727273,6.98700091728789,5.0,15.0,20.0
R1_nw,96,15.545454545454545,5.592202363356254,11.0,13.0,20.0
R1_nw,97,11.727272727272727,4.584559064750046,7.0,11.0,17.0
R1_nw,98,13.818181818181818,10.147099899165099,2.0,16.0,27.0
R1_nw,99,17.0,11.627553482998906,7.0,15.0,33.0
R1_nw,100,16.09090909090909,8.677033426863648,6.0,16.0,27.0
R1_nw,101,16.272727272727273,9.696297325174276,9.0,14.0,33.0
R1_nw,102,17.90909090909091,14.446138206832616,5.0,14.0,44.0
R1_nw,103,22.727272727272727,16.33457014488541,6.0,21.0,44.0
R1_nw,104,21.818181818181817,16.023845866821,5.0,22.0,44.0
R1_nw,105,28.0,18.968394766031206,2.0,29.0,46.0
R1_nw,106,32.90909090909091,24.097529107585057,2.0,40.0,51.0
R1_nw,107,32.36363636363637,22.940238565772272,0.0,27.0,58.0
R1_nw,108,36.81818181818182,21.674031382362543,8.0,37.0,62.0
R1_nw,109,34.63636363636363,19.205586308533917,8.0,40.0,55.0
R1_nw,110,34.72727272727273,21.438707559416493,13.0,32.0,64.0
R1_nw,111,32.09090909090909,18.694675955761017,10.0,30.0,55.0
R1_nw,112,28.181818181818183,12.073261214917716,13.0,29.0,40.0
R1_nw,113,31.727272727272727,14.819520296493467,10.0,33.0,49.0
R1_nw,114,31.636363636363637,21.490801414897152,13.0,26.0,61.0
R1_nw,115,35.36363636363637,29.655598888819387,4.0,21.0,78.0
R1_nw,116,37.27272727272727,29.458753908103134,10.0,29.0,77.0
R1_nw,117,39.63636363636363,34.5550943488011,6.0,29.0,84.0
R1_nw,118,40.18181818181818,32.57243675814931,6.0,29.0,65.0
R1_nw,119,41.18181818181818,35.02518574345661,3.0,35.0,87.0
R1_nw,120,42.18181818181818,34.93942810584679,12.0,27.0,101.0
R1_nw,121,43.81818181818182,35.21879663423548,14.0,31.0,90.0
R1_nw,122,47.63636363636363,37.55069300897848,9.0,29.0,103.0
R1_nw,123,52.54545454545455,41.32157701822049,9.0,37.0,109.0
R1_nw,124,42.63636363636363,27.69213869412302,14.0,33.0,74.0
R1_nw,125,44.09090909090909,26.311421647089105,7.0,47.0,77.0
R1_nw,126,37.18181818181818,22.175744324906805,16.0,36.0,51.0
R1_nw,127,26.272727272727273,14.156912863268667,10.0,21.0,47.0
R1_nw,128,25.363636363636363,16.80043289485558,12.0,22.0,32.0
R1_nw,129,31.272727272727273,19.22025446809125,16.0,31.0,39.0
R1_nw,130,33.72727272727273,11.70547657373171,24.0,34.0,46.0
R1_nw,131,30.272727272727273,13.387239514484746,14.0,32.0,47.0
R1_nw,132,27.90909090909091,20.93062132596424,8.0,24.0,55.0
R1_nw,133,26.09090909090909,19.346599419301292,5.0,30.0,39.0
R1_nw,134,25.272727272727273,15.020591926358355,5.0,26.0,41.0
R1_nw,135,24.727272727272727,15.179531673216465,11.0,19.0,50.0
R1_nw,136,25.636363636363637,11.968899091167302,17.0,24.0,31.0
R1_nw,137,23.09090909090909,14.72721661044303,11.0,19.0,41.0
R1_nw,138,29.90909090909091,19.081166345140147,11.0,22.0,51.0
R1_nw,139,24.90909090909091,17.48401867680623,5.0,23.0,48.0
R1_nw,140,22.454545454545453,21.82367355127746,0.0,17.0,48.0
R1_nw,141,20.272727272727273,20.712754085784482,5.0,13.0,36.0
R1_nw,142,19.454545454545453,15.410150137903502,3.0,14.0,41.0
R1_nw,143,16.727272727272727,15.723173401644523,7.0,9.0,31.0
R1_nw,144,11.727272727272727,10.1103007778296,2.0,12.0,18.0
R1_nw,145,14.090909090909092,15.527102404856777,0.0,14.0,34.0
R1_nw,146,16.727272727272727,17.97270658020605,0.0,10.0,28.0
R1_nw,147,16.181818181818183,18.941056896689698,0.0,9.0,41.0
R1_nw,148,10.454545454545455,16.96681252541936,0.0,7.0,15.0
R1_nw,149,13.0,14.028542333400145,2.0,12.0,21.0
R1_nw,150,11.909090909090908,10.270876744022832,4.0,9.0,22.0
R1_nw,151,15.818181818181818,11.634587932696043,6.0,11.0,34.0
R1_nw,152,18.272727272727273,18.87374318512843,0.0,13.0,48.0
R1_nw,153,17.90909090909091,18.838548486837013,1.0,10.0,38.0
R1_nw,154,20.545454545454547,23.926402305251145,0.0,14.0,50.0
R1_nw,155,21.545454545454547,21.819090890152307,3.0,17.0,55.0
R1_nw,156,9.909090909090908,11.432012468979776,2.0,5.0,18.0
R2_ne,0,0.6363636363636364,1.4333685689819817,0.0,0.0,3.0
R2_ne,1,2.8181818181818183,5.896069569097397,0.0,0.0,7.0
R2_ne,2,2.1818181818181817,4.118693526306171,0.0,1.0,4.0
R2_ne,3,8.727272727272727,7.47115665865613,0.0,7.0,14.0
R2_ne,4,8.454545454545455,6.006057548236387,0.0,11.0,14.0
R2_ne,5,12.0,8.988882021697693,3.0,12.0,18.0
R2_ne,6,15.636363636363637,12.468141218904503,5.0,13.0,33.0
R2_ne,7,16.818181818181817,12.944637359294248,0.0,18.0,32.0
R2_ne,8,17.636363636363637,11.638494123147781,4.0,24.0,31.0
R2_ne,9,18.09090909090909,14.7475729898485,0.0,18.0,36.0
R2_ne,10,22.363636363636363,15.46785523123828,2.0,21.0,42.0
R2_ne,11,26.90909090909091,16.765765985808972,6.0,24.0,48.0
R2_ne,12,29.181818181818183,16.46097312930303,11.0,26.0,46.0
R2_ne,13,30.90909090909091,17.22471796839963,12.0,27.0,50.0
R2_ne,14,34.36363636363637,24.561240714885425,13.0,23.0,71.0
R2_ne,15,34.81818181818182,21.793660462704203,16.0,31.0,63.0
R2_ne,16,43.81818181818182,28.350725499775773,16.0,49.0,85.0
R2_ne,17,37.54545454545455,21.832835987858456,21.0,29.0,62.0
R2_ne,18,31.181818181818183,19.85355475383782,10.0,26.0,60.0
R2_ne,19,29.09090909090909,17.996969441850737,8.0,28.0,59.0
R2_ne,20,38.0,27.520901148036554,7.0,37.0,63.0
R2_ne,21,36.54545454545455,23.934759812304932,12.0,34.0,59.0
R2_ne,22,29.363636363636363,20.819571212072198,5.0,29.0,49.0
R2_ne,23,29.181818181818183,22.130604066849067,13.0,22.0,58.0
R2_ne,24,30.181818181818183,27.527506904251904,13.0,18.0,58.0
R2_ne,25,31.727272727272727,26.195766486556217,14.0,21.0,45.0
R2_ne,26,26.09090909090909,25.78160020423304,6.0,19.0,49.0
R2_ne,27,26.09090909090909,21.30471565383845,10.0,18.0,58.0
R2_ne,28,26.636363636363637,23.992801950888218,6.0,17.0,57.0
R2_ne,29,25.0,22.543291685111114,5.0,12.0,45.0
R2_ne,30,25.636363636363637,20.01635694762025,7.0,15.0,57.0
R2_ne,31,27.363636363636363,20.407217974396836,2.0,28.0,48.0
R2_ne,32,22.454545454545453,12.902431060568674,7.0,22.0,40.0
R2_ne,33,21.545454545454547,13.981156149357865,4.0,22.0,36.0
R2_ne,34,18.636363636363637,13.68409826969046,0.0,21.0,34.0
R2_ne,35,21.272727272727273,15.100270918701487,8.0,18.0,35.0
R2_ne,36,21.0,12.190159966136621,6.0,23.0,31.0
R2_ne,37,17.727272727272727,9.198814152823276,10.0,14.0,31.0
R2_ne,38,18.90909090909091,14.909423499616246,7.0,15.0,29.0
R2_ne,39,19.0,13.542525613784159,7.0,14.0,32.0
R2_ne,40,20.727272727272727,14.993938169079591,0.0,20.0,42.0
R2_ne,41,18.09090909090909,13.133579447009453,0.0,18.0,33.0
R2_ne,42,13.909090909090908,5.855844011832034,6.0,14.0,21.0
R2_ne,43,16.363636363636363,11.517575502446054,6.0,11.0,30.0
R2_ne,44,18.545454545454547,12.339883600452936,7.0,14.0,35.0
R2_ne,45,15.818181818181818,14.204352725965249,1.0,13.0,31.0
R2_ne,46,16.90909090909091,12.71577402641731,5.0,14.0,30.0
R2_ne,47,10.090909090909092,8.688550459708978,3.0,7.0,23.0
R2_ne,48,12.818181818181818,11.13389583046457,2.0,9.0,32.0
R2_ne,49,14.454545454545455,11.57033825230392,4.0,11.0,28.0
R2_ne,50,15.272727272727273,10.973521851173478,5.0,11.0,31.0
R2_ne,51,17.272727272727273,13.07739201133704,5.0,14.0,32.0
R2_ne,52,18.181818181818183,12.38400728212142,4.0,21.0,31.0
R2_ne,53,19.363636363636363,14.221622462101342,3.0,18.0,41.0
R2_ne,54,19.0,12.953763931769021,5.0,22.0,38.0
R2_ne,55,19.818181818181817,12.122855949141536,7.0,18.0,39.0
R2_ne,56,22.181818181818183,13.622174435956852,11.0,20.0,43.0
R2_ne,57,18.90909090909091,12.887626200775266,6.0,16.0,27.0
R2_ne,58,21.181818181818183,12.944637359294248,7.0,23.0,37.0
R2_ne,59,20.181818181818183,14.16204915835404,6.0,17.0,43.0
R2_ne,60,23.454545454545453,15.673950595581424,10.0,18.0,40.0
R2_ne,61,22.272727272727273,14.683942992881095,9.0,16.0,46.0
R2_ne,62,26.90909090909091,14.003246376855229,11.0,28.0,43.0
R2_ne,63,30.818181818181817,13.415052603834111,16.0,35.0,45.0
R2_ne,64,32.45454545454545,15.883095645141953,16.0,32.0,52.0
R2_ne,65,25.636363636363637,17.368205015330325,5.0,27.0,41.0
R2_ne,66,26.454545454545453,22.056126751375164,9.0,18.0,46.0
R2_ne,67,27.454545454545453,27.053146347009754,0.0,19.0,57.0
R2_ne,68,27.09090909090909,23.843047395224232,0.0,22.0,60.0
R2_ne,69,34.54545454545455,25.769608597585012,12.0,35.0,50.0
R2_ne,70,44.18181818181818,36.1381188824714,9.0,45.0,82.0
R2_ne,71,40.54545454545455,29.578247535523925,7.0,32.0,76.0
R2_ne,72,48.90909090909091,36.8142758870918,15.0,39.0,91.0
R2_ne,73,49.45454545454545,36.833038528917584,15.0,37.0,99.0
R2_ne,74,51.0,33.099848942253494,16.0,53.0,98.0
R2_ne,75,58.18181818181818,41.751211196366945,17.0,64.0,117.0
R2_ne,76,52.45454545454545,41.4785815484658,7.0,49.0,95.0
R2_ne,77,48.81818181818182,37.509513944646585,8.0,37.0,110.0
R2_ne,78,51.63636363636363,34.135824956408264,13.0,55.0,93.0
R2_ne,79,47.72727272727273,33.06687438839936,6.0,36.0,82.0
R2_ne,80,32.18181818181818,24.600073909718976,7.0,23.0,60.0
R2_ne,81,30.181818181818183,20.87495236793695,12.0,27.0,58.0
R2_ne,82,31.363636363636363,25.74984554234346,3.0,26.0,72.0
R2_ne,83,32.45454545454545,23.813288879798343,10.0,27.0,49.0
R2_ne,84,34.72727272727273,28.931266509058705,13.0,28.0,50.0
R2_ne,85,29.454545454545453,29.541034634432275,11.0,28.0,33.0
R2_ne,86,25.09090909090909,29.029138965717003,8.0,13.0,41.0
R2_ne,87,24.545454545454547,21.96981400177815,9.0,14.0,51.0
R2_ne,88,18.363636363636363,15.794130094897453,7.0,12.0,45.0
R2_ne,89,18.0,16.327890249508663,7.0,13.0,30.0
R2_ne,90,14.727272727272727,10.228302978411511,2.0,13.0,24.0
R2_ne,91,14.818181818181818,11.223352278336288,3.0,12.0,28.0
R2_ne,92,17.454545454545453,12.347984745403894,4.0,14.0,35.0
R2_ne,93,21.636363636363637,17.107148957513214,3.0,24.0,39.0
R2_ne,94,18.363636363636363,16.12000451161678,0.0,21.0,38.0
R2_ne,95,14.0,9.370165420097983,7.0,11.0,27.0
R2_ne,96,14.090909090909092,9.994543966130175,6.0,10.0,25.0
R2_ne,97,16.727272727272727,13.319841658900522,5.0,13.0,31.0
R2_ne,98,17.90909090909091,14.501410589694684,6.0,12.0,40.0
R2_ne,99,17.272727272727273,11.807547663176374,5.0,13.0,33.0
R2_ne,100,24.09090909090909,16.926042333957135,6.0,16.0,45.0
R2_ne,101,24.0,18.584940139801365,0.0,27.0,44.0
R2_ne,102,23.636363636363637,17.298975271805713,3.0,31.0,43.0
R2_ne,103,21.90909090909091,17.801429973204655,0.0,24.0,41.0
R2_ne,104,18.90909090909091,14.314010936523315,4.0,18.0,30.0
R2_ne,105,18.454545454545453,15.227367706623731,1.0,16.0,28.0
R2_ne,106,14.727272727272727,7.875162335989133,6.0,12.0,26.0
R2_ne,107,15.272727272727273,11.858253742359445,4.0,15.0,27.0
R2_ne,108,20.0,16.516658257650064,7.0,15.0,44.0
R2_ne,109,15.636363636363637,11.182778968330968,3.0,15.0,25.0
R2_ne,110,17.818181818181817,8.6350238195176,10.0,19.0,28.0
R2_ne,111,23.545454545454547,13.713961035117727,12.0,25.0,36.0
R2_ne,112,30.272727272727273,18.831308552997104,8.0,33.0,51.0
R2_ne,113,26.09090909090909,19.952215643654945,11.0,14.0,59.0
R2_ne,114,22.727272727272727,13.483997249264842,9.0,17.0,39.0
R2_ne,115,26.363636363636363,12.60375124534539,11.0,26.0,35.0
R2_ne,116,28.818181818181817,18.09871919124766,10.0,26.0,43.0
R2_ne,117,33.09090909090909,24.014389625616325,13.0,23.0,50.0
R2_ne,118,40.0,22.315913604421397,16.0,36.0,64.0
R2_ne,119,42.81818181818182,33.62088095757808,7.0,36.0,75.0
R2_ne,120,50.90909090909091,35.82025836158792,6.0,45.0,88.0
R2_ne,121,57.72727272727273,31.46455437183533,22.0,61.0,95.0
R2_ne,122,51.0,24.955961211702505,27.0,51.0,82.0
R2_ne,123,47.09090909090909,26.83450966742096,23.0,34.0,78.0
R2_ne,124,48.72727272727273,23.59699518621347,27.0,43.0,79.0
R2_ne,125,48.72727272727273,32.20276667956003,15.0,43.0,98.0
R2_ne,126,45.72727272727273,27.971738984521174,16.0,42.0,94.0
R2_ne,127,47.36363636363637,31.31221080432593,20.0,39.0,96.0
R2_ne,128,43.72727272727273,31.965890912317487,11.0,37.0,78.0
R2_ne,129,39.90909090909091,28.904859610295794,2.0,39.0,71.0
R2_ne,130,40.90909090909091,31.665295026115093,3.0,44.0,87.0
R2_ne,131,37.45454545454545,27.008752790025817,9.0,33.0,74.0
R2_ne,132,36.90909090909091,34.18027075801052,8.0,23.0,83.0
R2_ne,133,30.636363636363637,32.67498348055505,4.0,13.0,61.0
R2_ne,134,26.818181818181817,22.9905118769382,5.0,14.0,55.0
R2_ne,135,25.0,20.885401600160815,7.0,18.0,45.0
R2_ne,136,24.636363636363637,16.26205846301585,9.0,20.0,48.0
R2_ne,137,22.0,9.110433579144297,13.0,21.0,34.0
R2_ne,138,23.363636363636363,9.615328671165924,15.0,26.0,31.0
R2_ne,139,24.181818181818183,13.709983091296515,14.0,19.0,36.0
R2_ne,140,22.90909090909091,15.921397837216087,9.0,17.0,39.0
R2_ne,141,21.636363636363637,16.75871550729785,10.0,16.0,35.0
R2_ne,142,22.90909090909091,12.541567250184848,9.0,18.0,41.0
R2_ne,143,23.454545454545453,16.403436447059722,3.0,23.0,46.0
R2_ne,144,26.454545454545453,16.913684615503723,7.0,26.0,38.0
R2_ne,145,20.181818181818183,16.827466724484594,8.0,20.0,29.0
R2_ne,146,19.363636363636363,16.61488927000555,5.0,17.0,38.0
R2_ne,147,17.181818181818183,14.091260992673309,3.0,11.0,38.0
R2_ne,148,15.545454545454545,12.315548192132061,2.0,14.0,32.0
R2_ne,149,18.0,12.593649193144932,7.0,20.0,28.0
R2_ne,150,17.454545454545453,11.334581036488611,3.0,17.0,30.0
R2_ne,151,19.90909090909091,13.194351408497088,6.0,22.0,36.0
R2_ne,152,20.454545454545453,14.116399231841216,7.0,24.0,35.0
R2_ne,153,26.727272727272727,15.569784257277997,14.0,23.0,51.0
R2_ne,154,32.81818181818182,27.12496334308373,7.0,27.0,57.0
R2_ne,155,31.90909090909091,28.644212488579765,8.0,25.0,54.0
R2_ne,156,13.454545454545455,12.707191950731179,5.0,9.0,25.0
R3_sw,0,0.0,0.0,0.0,0.0,0.0
R3_sw,1,2.4545454545454546,2.3817487845545915,0.0,2.0,6.0
R3_sw,2,6.454545454545454,3.3275707765165974,3.0,7.0,9.0
R3_sw,3,9.727272727272727,8.112840551753855,2.0,9.0,23.0
R3_sw,4,11.363636363636363,7.0323925839322605,0.0,12.0,19.0
R3_sw,5,12.636363636363637,8.102749252849026,2.0,13.0,20.0
R3_sw,6,21.727272727272727,11.542018099889717,11.0,24.0,37.0
R3_sw,7,23.545454545454547,10.661741287084736,8.0,26.0,37.0
R3_sw,8,26.09090909090909,11.139609916460678,14.0,26.0,40.0
R3_sw,9,32.18181818181818,12.375929717141913,26.0,36.0,43.0
R3_sw,10,37.54545454545455,14.569582261435201,21.0,42.0,48.0
R3_sw,11,39.54545454545455,20.573592959731833,24.0,37.0,70.0
R3_sw,12,42.45454545454545,23.428032936478626,26.0,32.0,77.0
R3_sw,13,37.63636363636363,18.677648284903146,16.0,39.0,59.0
R3_sw,14,37.54545454545455,15.705818261801173,16.0,42.0,53.0
R3_sw,15,36.90909090909091,18.81730344897773,17.0,36.0,64.0
R3_sw,16,30.545454545454547,15.02240750588025,11.0,29.0,50.0
R3_sw,17,27.727272727272727,21.227769120145005,6.0,24.0,53.0
R3_sw,18,27.727272727272727,19.241054592152214,9.0,31.0,43.0
R3_sw,19,33.81818181818182,25.3961342799182,6.0,23.0,66.0
R3_sw,20,36.54545454545455,24.96943586212406,10.0,30.0,62.0
R3_sw,21,37.09090909090909,25.719465567754497,16.0,36.0,55.0
R3_sw,22,38.81818181818182,27.60731128457888,12.0,39.0,64.0
R3_sw,23,35.09090909090909,25.03379533931899,7.0,34.0,69.0
R3_sw,24,29.818181818181817,18.653783432956338,6.0,32.0,50.0
R3_sw,25,31.272727272727273,18.825997498623593,5.0,35.0,53.0
R3_sw,26,27.545454545454547,18.283126846158652,7.0,29.0,50.0
R3_sw,27,28.09090909090909,18.32186969419085,10.0,28.0,50.0
R3_sw,28,30.09090909090909,24.981811565435144,3.0,18.0,58.0
R3_sw,29,32.45454545454545,27.565789074008517,5.0,33.0,76.0
R3_sw,30,40.18181818181818,36.739129499263264,3.0,31.0,78.0
R3_sw,31,34.27272727272727,26.5484120394833,6.0,30.0,69.0
R3_sw,32,29.727272727272727,19.693099852948034,8.0,24.0,55.0
R3_sw,33,21.818181818181817,11.582902760691569,7.0,23.0,31.0
R3_sw,34,25.181818181818183,13.17435525419124,8.0,26.0,35.0
R3_sw,35,24.363636363636363,15.660604887888125,9.0,21.0,48.0
R3_sw,36,20.272727272727273,10.1103007778296,8.0,24.0,29.0
R3_sw,37,22.0,14.25482374496437,11.0,18.0,42.0
R3_sw,38,20.545454545454547,13.589434398558584,8.0,18.0,32.0
R3_sw,39,19.636363636363637,17.159677894836648,7.0,15.0,36.0
R3_sw,40,25.272727272727273,22.167953938471225,4.0,20.0,52.0
R3_sw,41,22.272727272727273,14.1286298634433,10.0,23.0,36.0
R3_sw,42,20.545454545454547,11.578977816401897,8.0,24.0,32.0
R3_sw,43,21.727272727272727,15.659443854051197,1.0,21.0,41.0
R3_sw,44,23.363636363636363,17.22366237054551,2.0,26.0,39.0
R3_sw,45,18.454545454545453,15.207653575510172,4.0,13.0,38.0
R3_sw,46,15.363636363636363,18.699051993471365,1.0,14.0,26.0
R3_sw,47,17.818181818181817,18.62159059703645,0.0,16.0,35.0
R3_sw,48,14.181818181818182,16.880865983818374,0.0,10.0,26.0
R3_sw,49,15.363636363636363,18.634767115650934,0.0,9.0,32.0
R3_sw,50,16.181818181818183,16.60010952866385,0.0,12.0,26.0
R3_sw,51,19.818181818181817,19.767742318323467,1.0,18.0,39.0
R3_sw,52,25.545454545454547,23.69963559366952,7.0,13.0,60.0
R3_sw,53,27.636363636363637,27.030622365283147,7.0,18.0,76.0
R3_sw,54,28.272727272727273,25.954155386338076,3.0,21.0,70.0
R3_sw,55,32.36363636363637,25.323004273872115,6.0,21.0,70.0
R3_sw,56,37.27272727272727,30.640140042404862,11.0,25.0,92.0
R3_sw,57,41.0,36.11924694674572,12.0,37.0,55.0
R3_sw,58,37.36363636363637,38.86713966134562,6.0,27.0,52.0
R3_sw,59,44.90909090909091,46.40356569371484,8.0,29.0,69.0
R3_sw,60,41.81818181818182,40.47670486049521,0.0,29.0,98.0
R3_sw,61,42.36363636363637,40.97626807622365,6.0,28.0,91.0
R3_sw,62,35.27272727272727,34.647051560243646,2.0,15.0,76.0
R3_sw,63,34.90909090909091,33.386987122094574,4.0,22.0,73.0
R3_sw,64,37.09090909090909,32.43286772844654,4.0,31.0,77.0
R3_sw,65,37.45454545454545,30.53641641176527,2.0,38.0,76.0
R3_sw,66,49.09090909090909,35.817466536466654,6.0,47.0,86.0
R3_sw,67,58.90909090909091,42.84496363740911,13.0,55.0,117.0
R3_sw,68,56.45454545454545,42.6974557470668,10.0,55.0,101.0
R3_sw,69,53.27272727272727,43.41449276241958,9.0,49.0,97.0
R3_sw,70,53.63636363636363,50.78636180565158,0.0,44.0,115.0
R3_sw,71,54.18181818181818,53.61682232624045,0.0,45.0,135.0
R3_sw,72,61.09090909090909,56.87258486380682,3.0,70.0,135.0
R3_sw,73,52.54545454545455,46.990134361083996,0.0,63.0,117.0
R3_sw,74,56.0,51.89412298131649,3.0,62.0,133.0
R3_sw,75,60.27272727272727,60.186528241942824,8.0,28.0,150.0
R3_sw,76,59.72727272727273,43.10241503463793,19.0,39.0,120.0
R3_sw,77,50.81818181818182,28.75349781093835,23.0,38.0,93.0
R3_sw,78,45.0,22.80350850198276,20.0,42.0,78.0
R3_sw,79,38.45454545454545,21.505179080229194,16.0,37.0,57.0
R3_sw,80,31.09090909090909,18.544295863982246,14.0,30.0,39.0
R3_sw,81,30.727272727272727,21.489955370316192,16.0,24.0,38.0
R3_sw,82,31.09090909090909,22.72203576026825,8.0,27.0,43.0
R3_sw,83,29.0,20.59611613872868,6.0,27.0,49.0
R3_sw,84,25.90909090909091,24.118269197662364,7.0,14.0,44.0
R3_sw,85,22.90909090909091,19.669542676201424,8.0,19.0,38.0
R3_sw,86,24.727272727272727,16.359039758438815,10.0,22.0,36.0
R3_sw,87,18.454545454545453,13.193662390433039,7.0,15.0,35.0
R3_sw,88,20.363636363636363,13.403527351206677,8.0,16.0,33.0
R3_sw,89,21.90909090909091,17.253721601176633,4.0,21.0,44.0
R3_sw,90,26.818181818181817,17.803472592829646,10.0,17.0,50.0
R3_sw,91,29.90909090909091,20.709681530407682,15.0,20.0,54.0
R3_sw,92,24.0,24.843510218968657,10.0,14.0,39.0
R3_sw,93,16.636363636363637,9.489707342934524,7.0,15.0,25.0
R3_sw,94,19.181818181818183,16.95770138797226,4.0,11.0,41.0
R3_sw,95,17.09090909090909,16.585864737507933,2.0,12.0,39.0
R3_sw,96,17.363636363636363,11.236304795374032,4.0,18.0,25.0
R3_sw,97,19.0,10.392304845413264,8.0,19.0,27.0
R3_sw,98,16.636363636363637,7.593059031414509,10.0,16.0,23.0
R3_sw,99,16.454545454545453,8.559949022787885,9.0,16.0,24.0
R3_sw,100,20.181818181818183,11.839072445239804,7.0,21.0,29.0
R3_sw,101,17.272727272727273,10.35462127835595,4.0,17.0,31.0
R3_sw,102,13.545454545454545,9.626667506085752,1.0,17.0,23.0
R3_sw,103,13.909090909090908,8.227448516454485,5.0,13.0,23.0
R3_sw,104,17.636363636363637,10.651504375183134,9.0,14.0,23.0
R3_sw,105,23.181818181818183,15.005453554079475,5.0,19.0,44.0
R3_sw,106,21.0,13.053735097664577,10.0,20.0,42.0
R3_sw,107,24.636363636363637,12.595814600673728,13.0,26.0,38.0
R3_sw,108,27.818181818181817,16.845285285908233,6.0,29.0,45.0
R3_sw,109,26.454545454545453,12.63616742816932,13.0,27.0,39.0
R3_sw,110,24.727272727272727,15.33682437201984,6.0,26.0,41.0
R3_sw,111,28.636363636363637,20.703974146393865,11.0,30.0,61.0
R3_sw,112,27.09090909090909,23.10175121264423,3.0,24.0,51.0
R3_sw,113,24.363636363636363,25.80415752266571,0.0,20.0,59.0
R3_sw,114,29.727272727272727,30.548619965854133,2.0,18.0,51.0
R3_sw,115,27.09090909090909,24.076771151691187,7.0,14.0,68.0
R3_sw,116,29.181818181818183,20.42947959111138,15.0,21.0,65.0
R3_sw,117,25.272727272727273,21.009954350692478,9.0,17.0,47.0
R3_sw,118,30.181818181818183,28.516024203307804,10.0,24.0,57.0
R3_sw,119,31.0,23.626256580338747,9.0,25.0,61.0
R3_sw,120,32.36363636363637,25.180439739101963,7.0,25.0,68.0
R3_sw,121,33.81818181818182,32.6368447672816,4.0,24.0,90.0
R3_sw,122,37.72727272727273,22.991698106450986,14.0,30.0,72.0
R3_sw,123,35.45454545454545,21.910562002667284,15.0,27.0,55.0
R3_sw,124,32.81818181818182,15.464916306389647,17.0,33.0,42.0
R3_sw,125,35.63636363636363,19.57688804316318,20.0,26.0,55.0
R3_sw,126,33.90909090909091,17.078961007359585,14.0,33.0,56.0
R3_sw,127,30.818181818181817,15.321998445491252,14.0,32.0,47.0
R3_sw,128,31.636363636363637,15.73068801593069,16.0,32.0,56.0
R3_sw,129,35.36363636363637,16.372371405955384,19.0,32.0,50.0
R3_sw,130,33.18181818181818,16.738089388088365,18.0,30.0,54.0
R3_sw,131,32.0,22.552161758909055,8.0,24.0,64.0
R3_sw,132,31.545454545454547,14.285402594002285,16.0,29.0,51.0
R3_sw,133,28.636363636363637,14.84097521912039,12.0,34.0,40.0
R3_sw,134,24.09090909090909,13.95316842480263,3.0,28.0,34.0
R3_sw,135,21.727272727272727,14.071893327416245,5.0,21.0,37.0
R3_sw,136,21.0,15.98123900077838,2.0,13.0,40.0
R3_sw,137,17.818181818181817,16.08613180238296,0.0,19.0,41.0
R3_sw,138,13.272727272727273,9.592610792593527,3.0,14.0,25.0
R3_sw,139,17.181818181818183,11.940001522765245,7.0,14.0,33.0
R3_sw,140,17.545454545454547,12.143834949171833,7.0,17.0,23.0
R3_sw,141,21.636363636363637,14.101579537574699,6.0,21.0,35.0
R3_sw,142,23.363636363636363,12.831778733073037,14.0,25.0,31.0
R3_sw,143,17.454545454545453,12.667783044902816,6.0,17.0,31.0
R3_sw,144,19.181818181818183,14.26056227375472,4.0,15.0,36.0
R3_sw,145,18.181818181818183,16.79177287732407,5.0,13.0,47.0
R3_sw,146,16.272727272727273,19.970432689808746,0.0,8.0,35.0
R3_sw,147,15.272727272727273,18.916082623476292,0.0,13.0,21.0
R3_sw,148,17.0,16.8285471743701,0.0,16.0,25.0
R3_sw,149,12.454545454545455,12.110851632842643,1.0,9.0,31.0
R3_sw,150,14.272727272727273,16.917983976177002,0.0,7.0,45.0
R3_sw,151,13.181818181818182,13.362770534722069,0.0,15.0,34.0
R3_sw,152,19.0,19.120669444347392,1.0,18.0,38.0
R3_sw,153,15.818181818181818,15.393623237030209,4.0,8.0,35.0
R3_sw,154,17.545454545454547,18.603030056222757,0.0,16.0,27.0
R3_sw,155,16.181818181818183,16.551846916994982,0.0,10.0,42.0
R3_sw,156,6.181818181818182,5.306942280036251,0.0,6.0,11.0
R4_se,0,0.0,0.0,0.0,0.0,0.0
R4_se,1,1.7272727272727273,2.3276988246295565,0.0,0.0,5.0
R4_se,2,5.181818181818182,4.83359455929398,0.0,6.0,9.0
R4_se,3,9.909090909090908,9.60681576230694,0.0,9.0,22.0
R4_se,4,12.090909090909092,11.894995127821998,3.0,7.0,27.0
R4_se,5,18.0,21.076052761368768,5.0,10.0,37.0
R4_se,6,14.818181818181818,13.998701238459102,2.0,10.0,37.0
R4_se,7,15.454545454545455,13.231505102320266,0.0,12.0,35.0
R4_se,8,17.454545454545453,16.2010100695212,2.0,12.0,30.0
R4_se,9,22.818181818181817,23.18541861523394,0.0,19.0,42.0
R4_se,10,27.454545454545453,23.665855726610168,5.0,21.0,59.0
R4_se,11,25.545454545454547,21.16772843912939,5.0,22.0,57.0
R4_se,12,24.545454545454547,19.169578171486386,4.0,20.0,44.0
R4_se,13,26.363636363636363,17.749775926882723,10.0,23.0,54.0
R4_se,14,29.90909090909091,21.47768397874662,9.0,25.0,65.0
R4_se,15,34.72727272727273,33.9796730681474,7.0,11.0,84.0
R4_se,16,37.09090909090909,30.36265648936056,7.0,19.0,70.0
R4_se,17,40.54545454545455,34.86649863798668,9.0,28.0,73.0
R4_se,18,36.90909090909091,32.77027477899612,10.0,26.0,62.0
R4_se,19,37.36363636363637,29.408409434285044,7.0,31.0,61.0
R4_se,20,38.45454545454545,28.447719192805724,12.0,33.0,75.0
R4_se,21,39.45454545454545,28.738001448826033,17.0,25.0,73.0
R4_se,22,31.90909090909091,24.635155958323242,11.0,32.0,58.0
R4_se,23,37.54545454545455,36.66705233956947,6.0,35.0,65.0
R4_se,24,38.72727272727273,27.074308519668268,17.0,33.0,61.0
R4_se,25,37.36363636363637,22.36189941517816,24.0,31.0,63.0
R4_se,26,33.09090909090909,20.839647527991186,11.0,33.0,52.0
R4_se,27,25.636363636363637,17.1829725441946,1.0,21.0,45.0
R4_se,28,22.0,16.786899654194638,5.0,21.0,40.0
R4_se,29,18.272727272727273,14.388126417924672,0.0,22.0,33.0
R4_se,30,16.181818181818183,16.302258627675993,0.0,8.0,38.0
R4_se,31,17.545454545454547,14.672175274059649,4.0,16.0,40.0
R4_se,32,23.454545454545453,15.667569284120853,7.0,18.0,44.0
R4_se,33,18.0,12.89961239727768,4.0,17.0,33.0
R4_se,34,20.272727272727273,10.991732430248739,7.0,20.0,34.0
R4_se,35,24.09090909090909,15.539977769961872,11.0,22.0,49.0
R4_se,36,24.545454545454547,21.546988821474038,12.0,16.0,54.0
R4_se,37,22.818181818181817,18.351120847611362,8.0,17.0,42.0
R4_se,38,22.181818181818183,23.25002443791482,0.0,15.0,47.0
R4_se,39,24.727272727272727,18.536941004874073,6.0,28.0,36.0
R4_se,40,28.90909090909091,23.72953663877382,7.0,24.0,49.0
R4_se,41,24.636363636363637,17.73286625039916,6.0,25.0,47.0
R4_se,42,24.454545454545453,17.828985592925,5.0,23.0,49.0
R4_se,43,24.363636363636363,17.025115137776467,6.0,25.0,43.0
R4_se,44,22.90909090909091,14.300031786360094,7.0,21.0,41.0
R4_se,45,26.454545454545453,17.5576970947994,8.0,26.0,44.0
R4_se,46,29.818181818181817,25.2856409126531,5.0,24.0,57.0
R4_se,47,26.09090909090909,27.090420984010365,12.0,18.0,40.0
R4_se,48,28.272727272727273,21.6013467593616,9.0,23.0,37.0
R4_se,49,22.272727272727273,14.325438276652545,8.0,20.0,37.0
R4_se,50,21.0,13.535139452550904,4.0,20.0,34.0
R4_se,51,16.181818181818183,9.547965037830645,7.0,17.0,27.0
R4_se,52,12.454545454545455,8.33503013028311,6.0,10.0,28.0
R4_se,53,13.090909090909092,8.904544294398736,2.0,12.0,23.0
R4_se,54,21.636363636363637,12.516171357669464,7.0,20.0,33.0
R4_se,55,20.09090909090909,17.683068429741176,5.0,19.0,32.0
R4_se,56,18.272727272727273,18.17190638920919,7.0,10.0,36.0
R4_se,57,17.09090909090909,14.84220027795438,5.0,13.0,28.0
R4_se,58,19.454545454545453,16.795020907183392,7.0,13.0,33.0
R4_se,59,26.09090909090909,17.438202576266544,8.0,25.0,48.0
R4_se,60,29.818181818181817,23.642411813595423,9.0,24.0,59.0
R4_se,61,31.272727272727273,21.04324551532348,11.0,25.0,65.0
R4_se,62,26.454545454545453,13.822905891046473,12.0,22.0,45.0
R4_se,63,25.454545454545453,15.088827895921115,10.0,28.0,42.0
R4_se,64,29.272727272727273,18.298037649381474,6.0,37.0,49.0
R4_se,65,31.727272727272727,21.18060862718968,9.0,31.0,56.0
R4_se,66,31.181818181818183,26.183270161758564,0.0,31.0,57.0
R4_se,67,34.72727272727273,31.85934999051584,3.0,25.0,88.0
R4_se,68,42.36363636363637,41.936315353814116,11.0,29.0,112.0
R4_se,69,38.90909090909091,31.059473741370912,10.0,31.0,91.0
R4_se,70,36.81818181818182,29.633825881307267,14.0,24.0,87.0
R4_se,71,38.27272727272727,31.765046542043375,10.0,26.0,87.0
R4_se,72,34.0,38.35101041693686,8.0,14.0,67.0
R4_se,73,36.63636363636363,37.93750842444118,11.0,26.0,84.0
R4_se,74,37.72727272727273,37.84201609082399,6.0,35.0,53.0
R4_se,75,38.0,34.24324750954558,3.0,38.0,65.0
R4_se,76,46.81818181818182,41.31783678223772,7.0,41.0,95.0
R4_se,77,47.09090909090909,35.638334824889185,13.0,47.0,76.0
R4_se,78,43.54545454545455,35.97044241141228,10.0,42.0,102.0
R4_se,79,40.54545454545455,25.986010222285515,16.0,36.0,82.0
R4_se,80,41.27272727272727,25.522895247565113,15.0,38.0,79.0
R4_se,81,34.54545454545455,25.496523827234316,8.0,28.0,64.0
R4_se,82,31.727272727272727,24.417579360333445,2.0,28.0,60.0
R4_se,83,25.818181818181817,20.658258309054915,0.0,31.0,45.0
R4_se,84,21.272727272727273,21.241896850756568,0.0,10.0,47.0
R4_se,85,18.90909090909091,17.807046613374975,1.0,13.0,44.0
R4_se,86,18.09090909090909,12.636886843321383,6.0,17.0,37.0
R4_se,87,17.636363636363637,9.102447223386987,11.0,17.0,28.0
R4_se,88,19.727272727272727,11.8835256476427,7.0,19.0,26.0
R4_se,89,17.818181818181817,15.57445460886629,1.0,17.0,30.0
R4_se,90,16.181818181818183,16.708190696889844,1.0,13.0,26.0
R4_se,91,11.454545454545455,10.415024112921067,5.0,8.0,22.0
R4_se,92,12.454545454545455,5.854291355298886,6.0,15.0,18.0
R4_se,93,14.181818181818182,11.548317468949161,2.0,12.0,33.0
R4_se,94,17.636363636363637,18.5756438772535,2.0,12.0,40.0
R4_se,95,17.454545454545453,15.319031538342339,1.0,11.0,35.0
R4_se,96,23.272727272727273,20.05039106397134,6.0,18.0,51.0
R4_se,97,21.181818181818183,18.438102840683918,6.0,15.0,53.0
R4_se,98,18.90909090909091,14.590781647701712,5.0,12.0,39.0
R4_se,99,19.636363636363637,17.153849289723443,4.0,13.0,41.0
R4_se,100,18.545454545454547,15.763017708317378,0.0,18.0,45.0
R4_se,101,17.90909090909091,13.938827392966349,5.0,12.0,35.0
R4_se,102,21.272727272727273,15.723173401644523,6.0,17.0,39.0
R4_se,103,20.0,16.480291259562133,0.0,24.0,45.0
R4_se,104,24.272727272727273,22.09565979594594,5.0,14.0,52.0
R4_se,105,27.272727272727273,25.795700839833405,6.0,17.0,71.0
R4_se,106,28.727272727272727,23.613940412776984,5.0,22.0,66.0
R4_se,107,25.90909090909091,22.81865265722122,6.0,16.0,54.0
R4_se,108,25.181818181818183,17.342538348339794,11.0,20.0,38.0
R4_se,109,22.818181818181817,13.548565841580293,10.0,21.0,36.0
R4_se,110,27.818181818181817,16.863085019166462,16.0,19.0,47.0
R4_se,111,24.636363636363637,10.171260760325904,15.0,25.0,35.0
R4_se,112,32.45454545454545,16.919595954771708,13.0,34.0,51.0
R4_se,113,35.09090909090909,15.042968759221337,20.0,31.0,57.0
R4_se,114,32.45454545454545,20.728548605069467,9.0,30.0,52.0
R4_se,115,29.727272727272727,16.285520618579614,10.0,29.0,47.0
R4_se,116,34.81818181818182,15.753210351024846,19.0,33.0,53.0
R4_se,117,32.90909090909091,15.584957782775964,18.0,28.0,52.0
R4_se,118,39.27272727272727,20.881048388866443,24.0,29.0,69.0
R4_se,119,41.09090909090909,25.633784525327297,18.0,32.0,75.0
R4_se,120,44.72727272727273,33.16049127829957,19.0,37.0,65.0
R4_se,121,52.63636363636363,49.84430303910914,9.0,42.0,84.0
R4_se,122,67.18181818181819,66.86975128085669,12.0,45.0,117.0
R4_se,123,61.81818181818182,57.07682223428032,22.0,53.0,135.0
R4_se,124,65.81818181818181,52.151353159468805,22.0,53.0,157.0
R4_se,125,60.72727272727273,36.50778248289235,29.0,49.0,120.0
R4_se,126,50.27272727272727,28.702233045848224,27.0,42.0,84.0
R4_se,127,46.81818181818182,25.45905804156227,16.0,43.0,80.0
R4_se,128,51.90909090909091,24.94175032131685,26.0,52.0,74.0
R4_se,129,41.0,19.738287666360524,19.0,44.0,63.0
R4_se,130,36.63636363636363,17.653740268128605,14.0,36.0,54.0
R4_se,131,40.90909090909091,19.73552403892304,28.0,35.0,60.0
R4_se,132,32.72727272727273,19.298139335650518,12.0,29.0,57.0
R4_se,133,34.45454545454545,16.68150854307629,14.0,32.0,58.0
R4_se,134,31.727272727272727,13.726550251908957,17.0,28.0,49.0
R4_se,135,35.0,19.498717906570164,10.0,35.0,61.0
R4_se,136,30.636363636363637,21.082090632917446,7.0,30.0,58.0
R4_se,137,28.90909090909091,13.360048992833413,16.0,29.0,39.0
R4_se,138,25.90909090909091,12.259319275184454,11.0,28.0,41.0
R4_se,139,21.09090909090909,11.475665954135694,10.0,18.0,37.0
R4_se,140,22.454545454545453,14.658537692168592,8.0,17.0,43.0
R4_se,141,17.818181818181817,11.565623042605027,6.0,18.0,33.0
R4_se,142,18.90909090909091,19.434271509138412,2.0,14.0,34.0
R4_se,143,20.272727272727273,18.788778082094158,11.0,14.0,37.0
R4_se,144,19.09090909090909,14.956299979971954,1.0,19.0,43.0
R4_se,145,18.818181818181817,14.162049158354039,0.0,20.0,39.0
R4_se,146,16.0,12.96148139681572,2.0,15.0,30.0
R4_se,147,15.181818181818182,9.303958101992741,5.0,14.0,26.0
R4_se,148,18.181818181818183,10.028142218957427,9.0,19.0,28.0
R4_se,149,13.909090909090908,8.215285088839527,4.0,11.0,23.0
R4_se,150,14.272727272727273,11.279103768393206,2.0,10.0,28.0
R4_se,151,14.636363636363637,6.592006178284836,6.0,15.0,22.0
R4_se,152,13.818181818181818,7.743619074027103,7.0,14.0,22.0
R4_se,153,15.909090909090908,15.763594421670115,0.0,11.0,34.0
R4_se,154,14.727272727272727,10.761885607001302,4.0,13.0,23.0
R4_se,155,14.454545454545455,8.513091522633083,0.0,15.0,21.0
R4_se,156,7.545454545454546,6.07229176445988,0.0,6.0,16.0
